data_id,treat,age,educ,black,hisp,marr,nodegree,re74,re75,re78,outcome
NSW,1.0,37.0,11.0,1.0,0.0,1.0,1.0,0.0,0.0,9930.046,9930.046
NSW,1.0,22.0,9.0,0.0,1.0,0.0,1.0,0.0,0.0,3595.894,3595.894
NSW,1.0,30.0,12.0,1.0,0.0,0.0,0.0,0.0,0.0,24909.45,24909.45
NSW,1.0,27.0,11.0,1.0,0.0,0.0,1.0,0.0,0.0,7506.146,7506.146
NSW,1.0,33.0,8.0,1.0,0.0,0.0,1.0,0.0,0.0,289.7899,289.7899
NSW,1.0,22.0,9.0,1.0,0.0,0.0,1.0,0.0,0.0,4056.494,4056.494
NSW,1.0,23.0,12.0,1.0,0.0,0.0,0.0,0.0,0.0,0.0,0.0
NSW,1.0,32.0,11.0,1.0,0.0,0.0,1.0,0.0,0.0,8472.158,8472.158
NSW,1.0,22.0,16.0,1.0,0.0,0.0,0.0,0.0,0.0,2164.022,2164.022
NSW,1.0,33.0,12.0,0.0,0.0,1.0,0.0,0.0,0.0,12418.07,12418.07
NSW,1.0,19.0,9.0,1.0,0.0,0.0,1.0,0.0,0.0,8173.908,8173.908
NSW,1.0,21.0,13.0,1.0,0.0,0.0,0.0,0.0,0.0,17094.64,17094.64
NSW,1.0,18.0,8.0,1.0,0.0,0.0,1.0,0.0,0.0,0.0,0.0
NSW,1.0,27.0,10.0,1.0,0.0,1.0,1.0,0.0,0.0,18739.93,18739.93
NSW,1.0,17.0,7.0,1.0,0.0,0.0,1.0,0.0,0.0,3023.879,3023.879
NSW,1.0,19.0,10.0,1.0,0.0,0.0,1.0,0.0,0.0,3228.503,3228.503
NSW,1.0,27.0,13.0,1.0,0.0,0.0,0.0,0.0,0.0,14581.86,14581.86
NSW,1.0,23.0,10.0,1.0,0.0,0.0,1.0,0.0,0.0,7693.4,7693.4
NSW,1.0,40.0,12.0,1.0,0.0,0.0,0.0,0.0,0.0,10804.32,10804.32
NSW,1.0,26.0,12.0,1.0,0.0,0.0,0.0,0.0,0.0,10747.35,10747.35
NSW,1.0,23.0,11.0,1.0,0.0,0.0,1.0,0.0,0.0,0.0,0.0
NSW,1.0,41.0,14.0,0.0,0.0,0.0,0.0,0.0,0.0,5149.501,5149.501
NSW,1.0,38.0,9.0,0.0,0.0,0.0,1.0,0.0,0.0,6408.95,6408.95
NSW,1.0,24.0,11.0,1.0,0.0,0.0,1.0,0.0,0.0,1991.4,1991.4
NSW,1.0,18.0,10.0,1.0,0.0,0.0,1.0,0.0,0.0,11163.17,11163.17
NSW,1.0,29.0,11.0,1.0,0.0,1.0,1.0,0.0,0.0,9642.999,9642.999
NSW,1.0,25.0,11.0,1.0,0.0,0.0,1.0,0.0,0.0,9897.049,9897.049
NSW,1.0,27.0,10.0,0.0,1.0,0.0,1.0,0.0,0.0,11142.87,11142.87
NSW,1.0,17.0,10.0,1.0,0.0,0.0,1.0,0.0,0.0,16218.04,16218.04
NSW,1.0,24.0,11.0,1.0,0.0,0.0,1.0,0.0,0.0,995.7002,995.7002
NSW,1.0,17.0,10.0,1.0,0.0,0.0,1.0,0.0,0.0,0.0,0.0
NSW,1.0,48.0,4.0,1.0,0.0,0.0,1.0,0.0,0.0,6551.592,6551.592
NSW,1.0,25.0,11.0,1.0,0.0,1.0,1.0,0.0,0.0,1574.424,1574.424
NSW,1.0,20.0,12.0,1.0,0.0,0.0,0.0,0.0,0.0,0.0,0.0
NSW,1.0,25.0,12.0,1.0,0.0,0.0,0.0,0.0,0.0,3191.753,3191.753
NSW,1.0,42.0,14.0,1.0,0.0,0.0,0.0,0.0,0.0,20505.93,20505.93
NSW,1.0,25.0,5.0,1.0,0.0,0.0,1.0,0.0,0.0,6181.88,6181.88
NSW,1.0,23.0,12.0,1.0,0.0,1.0,0.0,0.0,0.0,5911.551,5911.551
NSW,1.0,46.0,8.0,1.0,0.0,1.0,1.0,0.0,0.0,3094.156,3094.156
NSW,1.0,24.0,10.0,1.0,0.0,0.0,1.0,0.0,0.0,0.0,0.0
NSW,1.0,21.0,12.0,1.0,0.0,0.0,0.0,0.0,0.0,1254.582,1254.582
NSW,1.0,19.0,9.0,0.0,0.0,0.0,1.0,0.0,0.0,13188.83,13188.83
NSW,1.0,17.0,8.0,1.0,0.0,0.0,1.0,0.0,0.0,8061.485,8061.485
NSW,1.0,18.0,8.0,0.0,1.0,1.0,1.0,0.0,0.0,2787.96,2787.96
NSW,1.0,20.0,11.0,1.0,0.0,0.0,1.0,0.0,0.0,3972.54,3972.54
NSW,1.0,25.0,11.0,1.0,0.0,1.0,1.0,0.0,0.0,0.0,0.0
NSW,1.0,17.0,8.0,1.0,0.0,0.0,1.0,0.0,0.0,0.0,0.0
NSW,1.0,17.0,9.0,1.0,0.0,0.0,1.0,0.0,0.0,0.0,0.0
NSW,1.0,25.0,5.0,1.0,0.0,0.0,1.0,0.0,0.0,12187.41,12187.41
NSW,1.0,23.0,12.0,1.0,0.0,0.0,0.0,0.0,0.0,4843.176,4843.176
NSW,1.0,28.0,8.0,1.0,0.0,0.0,1.0,0.0,0.0,0.0,0.0
NSW,1.0,31.0,11.0,1.0,0.0,1.0,1.0,0.0,0.0,8087.487,8087.487
NSW,1.0,18.0,11.0,1.0,0.0,0.0,1.0,0.0,0.0,0.0,0.0
NSW,1.0,25.0,12.0,1.0,0.0,0.0,0.0,0.0,0.0,2348.973,2348.973
NSW,1.0,30.0,11.0,1.0,0.0,1.0,1.0,0.0,0.0,590.7818,590.7818
NSW,1.0,17.0,10.0,1.0,0.0,0.0,1.0,0.0,0.0,0.0,0.0
NSW,1.0,37.0,9.0,1.0,0.0,0.0,1.0,0.0,0.0,1067.506,1067.506
NSW,1.0,41.0,4.0,1.0,0.0,1.0,1.0,0.0,0.0,7284.986,7284.986
NSW,1.0,42.0,14.0,1.0,0.0,1.0,0.0,0.0,0.0,13167.52,13167.52
NSW,1.0,22.0,11.0,0.0,0.0,0.0,1.0,0.0,0.0,1048.432,1048.432
NSW,1.0,17.0,8.0,1.0,0.0,0.0,1.0,0.0,0.0,0.0,0.0
NSW,1.0,29.0,8.0,1.0,0.0,0.0,1.0,0.0,0.0,1923.938,1923.938
NSW,1.0,35.0,10.0,1.0,0.0,0.0,1.0,0.0,0.0,4666.236,4666.236
NSW,1.0,27.0,11.0,1.0,0.0,0.0,1.0,0.0,0.0,549.2984,549.2984
NSW,1.0,29.0,4.0,1.0,0.0,0.0,1.0,0.0,0.0,762.9146,762.9146
NSW,1.0,28.0,9.0,1.0,0.0,0.0,1.0,0.0,0.0,10694.29,10694.29
NSW,1.0,27.0,11.0,1.0,0.0,0.0,1.0,0.0,0.0,0.0,0.0
NSW,1.0,23.0,7.0,0.0,0.0,0.0,1.0,0.0,0.0,0.0,0.0
NSW,1.0,45.0,5.0,1.0,0.0,1.0,1.0,0.0,0.0,8546.715,8546.715
NSW,1.0,29.0,13.0,1.0,0.0,0.0,0.0,0.0,0.0,7479.656,7479.656
NSW,1.0,27.0,9.0,1.0,0.0,0.0,1.0,0.0,0.0,0.0,0.0
NSW,1.0,46.0,13.0,1.0,0.0,0.0,0.0,0.0,0.0,647.2046,647.2046
NSW,1.0,18.0,6.0,1.0,0.0,0.0,1.0,0.0,0.0,0.0,0.0
NSW,1.0,25.0,12.0,1.0,0.0,0.0,0.0,0.0,0.0,11965.81,11965.81
NSW,1.0,28.0,15.0,1.0,0.0,0.0,0.0,0.0,0.0,9598.541,9598.541
NSW,1.0,25.0,11.0,0.0,0.0,0.0,1.0,0.0,0.0,18783.35,18783.35
NSW,1.0,22.0,12.0,1.0,0.0,0.0,0.0,0.0,0.0,18678.08,18678.08
NSW,1.0,21.0,9.0,1.0,0.0,0.0,1.0,0.0,0.0,0.0,0.0
NSW,1.0,40.0,11.0,1.0,0.0,0.0,1.0,0.0,0.0,23005.6,23005.6
NSW,1.0,22.0,11.0,1.0,0.0,0.0,1.0,0.0,0.0,6456.697,6456.697
NSW,1.0,25.0,12.0,1.0,0.0,0.0,0.0,0.0,0.0,0.0,0.0
NSW,1.0,18.0,12.0,1.0,0.0,0.0,0.0,0.0,0.0,2321.107,2321.107
NSW,1.0,38.0,12.0,0.0,0.0,0.0,0.0,0.0,0.0,4941.849,4941.849
NSW,1.0,27.0,13.0,1.0,0.0,0.0,0.0,0.0,0.0,0.0,0.0
NSW,1.0,27.0,8.0,1.0,0.0,0.0,1.0,0.0,0.0,0.0,0.0
NSW,1.0,38.0,11.0,1.0,0.0,0.0,1.0,0.0,0.0,0.0,0.0
NSW,1.0,23.0,8.0,0.0,1.0,0.0,1.0,0.0,0.0,3881.284,3881.284
NSW,1.0,26.0,11.0,1.0,0.0,0.0,1.0,0.0,0.0,17230.96,17230.96
NSW,1.0,21.0,12.0,0.0,0.0,0.0,0.0,0.0,0.0,8048.603,8048.603
NSW,1.0,25.0,8.0,1.0,0.0,0.0,1.0,0.0,0.0,0.0,0.0
NSW,1.0,31.0,11.0,1.0,0.0,1.0,1.0,0.0,0.0,14509.93,14509.93
NSW,1.0,17.0,10.0,1.0,0.0,0.0,1.0,0.0,0.0,0.0,0.0
NSW,1.0,25.0,11.0,1.0,0.0,0.0,1.0,0.0,0.0,0.0,0.0
NSW,1.0,21.0,12.0,1.0,0.0,0.0,0.0,0.0,0.0,9983.784,9983.784
NSW,1.0,44.0,11.0,1.0,0.0,0.0,1.0,0.0,0.0,0.0,0.0
NSW,1.0,25.0,12.0,0.0,0.0,0.0,0.0,0.0,0.0,5587.503,5587.503
NSW,1.0,18.0,9.0,1.0,0.0,0.0,1.0,0.0,0.0,4482.845,4482.845
NSW,1.0,42.0,12.0,1.0,0.0,0.0,0.0,0.0,0.0,2456.153,2456.153
NSW,1.0,25.0,10.0,1.0,0.0,0.0,1.0,0.0,0.0,0.0,0.0
NSW,1.0,31.0,9.0,0.0,1.0,0.0,1.0,0.0,0.0,26817.6,26817.6
NSW,1.0,24.0,10.0,1.0,0.0,0.0,1.0,0.0,0.0,0.0,0.0
NSW,1.0,26.0,10.0,1.0,0.0,0.0,1.0,0.0,0.0,9265.788,9265.788
NSW,1.0,25.0,11.0,1.0,0.0,0.0,1.0,0.0,0.0,485.2298,485.2298
NSW,1.0,18.0,11.0,1.0,0.0,0.0,1.0,0.0,0.0,4814.627,4814.627
NSW,1.0,19.0,11.0,1.0,0.0,0.0,1.0,0.0,0.0,7458.105,7458.105
NSW,1.0,43.0,9.0,1.0,0.0,0.0,1.0,0.0,0.0,0.0,0.0
NSW,1.0,27.0,13.0,1.0,0.0,0.0,0.0,0.0,0.0,34099.28,34099.28
NSW,1.0,17.0,9.0,1.0,0.0,0.0,1.0,0.0,0.0,1953.268,1953.268
NSW,1.0,30.0,11.0,1.0,0.0,0.0,1.0,0.0,0.0,0.0,0.0
NSW,1.0,26.0,10.0,1.0,0.0,1.0,1.0,2027.999,0.0,0.0,-2027.999
NSW,1.0,20.0,9.0,1.0,0.0,0.0,1.0,6083.994,0.0,8881.665,2797.671
NSW,1.0,17.0,9.0,0.0,1.0,0.0,1.0,445.1704,74.34345,6210.67,5765.4995
NSW,1.0,20.0,12.0,1.0,0.0,0.0,0.0,989.2678,165.2077,0.0,-989.2678
NSW,1.0,18.0,11.0,1.0,0.0,0.0,1.0,858.2543,214.5636,929.8839,71.62964
NSW,1.0,27.0,12.0,1.0,0.0,1.0,0.0,3670.872,334.0493,0.0,-3670.872
NSW,1.0,21.0,12.0,0.0,0.0,0.0,0.0,3670.872,334.0494,12558.02,8887.147
NSW,1.0,27.0,12.0,1.0,0.0,0.0,0.0,2143.413,357.9499,22163.25,20019.836
NSW,1.0,20.0,12.0,1.0,0.0,0.0,0.0,0.0,377.5686,1652.637,1652.637
NSW,1.0,19.0,10.0,1.0,0.0,0.0,1.0,0.0,385.2741,8124.715,8124.715
NSW,1.0,23.0,12.0,1.0,0.0,0.0,0.0,5506.308,501.0741,671.3318,-4834.9766
NSW,1.0,29.0,14.0,1.0,0.0,0.0,0.0,0.0,679.6734,17814.98,17814.98
NSW,1.0,18.0,10.0,1.0,0.0,0.0,1.0,0.0,798.9079,9737.154,9737.154
NSW,1.0,19.0,9.0,1.0,0.0,0.0,1.0,0.0,798.9079,17685.18,17685.18
NSW,1.0,27.0,13.0,0.0,0.0,1.0,0.0,9381.566,853.7225,0.0,-9381.566
NSW,1.0,18.0,11.0,0.0,0.0,0.0,1.0,3678.231,919.5579,4321.705,643.4741
NSW,1.0,27.0,9.0,1.0,0.0,1.0,1.0,0.0,934.4454,1773.423,1773.423
NSW,1.0,22.0,12.0,1.0,0.0,0.0,0.0,5605.852,936.1773,0.0,-5605.852
NSW,1.0,23.0,10.0,1.0,0.0,1.0,1.0,0.0,936.4386,11233.26,11233.26
NSW,1.0,23.0,12.0,0.0,1.0,0.0,0.0,9385.74,1117.439,559.4432,-8826.297
NSW,1.0,20.0,11.0,1.0,0.0,0.0,1.0,3637.498,1220.836,1085.44,-2552.058
NSW,1.0,17.0,9.0,1.0,0.0,0.0,1.0,1716.509,1253.439,5445.2,3728.6912
NSW,1.0,28.0,11.0,1.0,0.0,0.0,1.0,0.0,1284.079,60307.93,60307.93
NSW,1.0,26.0,11.0,1.0,0.0,1.0,1.0,0.0,1392.853,1460.36,1460.36
NSW,1.0,20.0,11.0,1.0,0.0,0.0,1.0,16318.62,1484.994,6943.342,-9375.278
NSW,1.0,24.0,11.0,1.0,0.0,1.0,1.0,824.3886,1666.113,4032.708,3208.3193
NSW,1.0,31.0,9.0,1.0,0.0,0.0,1.0,0.0,1698.607,10363.27,10363.27
NSW,1.0,23.0,8.0,0.0,0.0,1.0,1.0,0.0,1713.15,4232.309,4232.309
NSW,1.0,18.0,10.0,1.0,0.0,0.0,1.0,2143.411,1784.274,11141.39,8997.979
NSW,1.0,29.0,12.0,1.0,0.0,0.0,0.0,10881.94,1817.284,0.0,-10881.94
NSW,1.0,26.0,11.0,0.0,0.0,0.0,1.0,0.0,2226.266,13385.86,13385.86
NSW,1.0,24.0,9.0,1.0,0.0,0.0,1.0,9154.7,2288.675,4849.559,-4305.141
NSW,1.0,25.0,12.0,1.0,0.0,0.0,0.0,14426.79,2409.274,0.0,-14426.79
NSW,1.0,24.0,10.0,1.0,0.0,0.0,1.0,4250.402,2421.947,1660.508,-2589.8938
NSW,1.0,46.0,8.0,1.0,0.0,0.0,1.0,3165.658,2594.723,0.0,-3165.658
NSW,1.0,31.0,12.0,0.0,0.0,0.0,0.0,0.0,2611.218,2484.549,2484.549
NSW,1.0,19.0,11.0,1.0,0.0,0.0,1.0,2305.026,2615.276,4146.603,1841.5771
NSW,1.0,19.0,8.0,1.0,0.0,0.0,1.0,0.0,2657.057,9970.681,9970.681
NSW,1.0,27.0,11.0,1.0,0.0,0.0,1.0,2206.94,2666.274,0.0,-2206.94
NSW,1.0,26.0,11.0,1.0,0.0,1.0,1.0,0.0,2754.646,26372.28,26372.28
NSW,1.0,20.0,10.0,1.0,0.0,0.0,1.0,5005.731,2777.355,5615.189,609.458
NSW,1.0,28.0,10.0,1.0,0.0,0.0,1.0,0.0,2836.506,3196.571,3196.571
NSW,1.0,24.0,12.0,1.0,0.0,0.0,0.0,13765.75,2842.764,6167.681,-7598.069
NSW,1.0,19.0,8.0,1.0,0.0,0.0,1.0,2636.353,2937.264,7535.942,4899.589
NSW,1.0,23.0,12.0,1.0,0.0,0.0,0.0,6269.341,3039.96,8484.239,2214.8984
NSW,1.0,42.0,9.0,1.0,0.0,1.0,1.0,0.0,3058.531,1294.409,1294.409
NSW,1.0,25.0,13.0,1.0,0.0,0.0,0.0,12362.93,3090.732,0.0,-12362.93
NSW,1.0,18.0,9.0,1.0,0.0,0.0,1.0,0.0,3287.375,5010.342,5010.342
NSW,1.0,21.0,12.0,1.0,0.0,0.0,0.0,6473.683,3332.409,9371.037,2897.354
NSW,1.0,27.0,10.0,1.0,0.0,0.0,1.0,1001.146,3550.075,0.0,-1001.146
NSW,1.0,21.0,8.0,1.0,0.0,0.0,1.0,989.2678,3695.897,4279.613,3290.345
NSW,1.0,22.0,9.0,1.0,0.0,0.0,1.0,2192.877,3836.986,3462.564,1269.687
NSW,1.0,31.0,4.0,1.0,0.0,0.0,1.0,8517.589,4023.211,7382.549,-1135.04
NSW,1.0,24.0,10.0,1.0,0.0,1.0,1.0,11703.2,4078.152,0.0,-11703.2
NSW,1.0,29.0,10.0,1.0,0.0,0.0,1.0,0.0,4398.95,0.0,0.0
NSW,1.0,29.0,12.0,1.0,0.0,0.0,0.0,9748.387,4878.937,10976.51,1228.123
NSW,1.0,19.0,10.0,0.0,0.0,0.0,1.0,0.0,5324.109,13829.62,13829.62
NSW,1.0,19.0,11.0,0.0,1.0,1.0,1.0,5424.485,5463.803,6788.463,1363.978
NSW,1.0,31.0,9.0,1.0,0.0,0.0,1.0,10717.03,5517.841,9558.501,-1158.5293
NSW,1.0,22.0,10.0,1.0,0.0,1.0,1.0,1468.348,5588.664,13228.28,11759.933
NSW,1.0,21.0,9.0,1.0,0.0,0.0,1.0,6416.47,5749.331,743.6666,-5672.8037
NSW,1.0,17.0,10.0,1.0,0.0,0.0,1.0,1291.468,5793.852,5522.788,4231.3203
NSW,1.0,26.0,12.0,1.0,0.0,1.0,0.0,8408.762,5794.831,1424.944,-6983.818
NSW,1.0,20.0,9.0,0.0,1.0,0.0,1.0,12260.78,5875.049,1358.643,-10902.138
NSW,1.0,19.0,10.0,1.0,0.0,0.0,1.0,4121.949,6056.754,0.0,-4121.949
NSW,1.0,26.0,10.0,1.0,0.0,0.0,1.0,25929.68,6788.958,672.8773,-25256.803
NSW,1.0,28.0,11.0,1.0,0.0,0.0,1.0,1929.029,6871.856,0.0,-1929.029
NSW,1.0,22.0,12.0,0.0,1.0,1.0,0.0,492.2305,7055.702,10092.83,9600.6
NSW,1.0,33.0,11.0,1.0,0.0,0.0,1.0,0.0,7867.916,6281.433,6281.433
NSW,1.0,22.0,12.0,0.0,0.0,0.0,0.0,6759.994,8455.504,12590.71,5830.716
NSW,1.0,29.0,10.0,0.0,1.0,0.0,1.0,0.0,8853.674,5112.014,5112.014
NSW,1.0,33.0,12.0,1.0,0.0,1.0,0.0,20279.95,10941.35,15952.6,-4327.3496
NSW,1.0,25.0,14.0,1.0,0.0,1.0,0.0,35040.07,11536.57,36646.95,1606.8789
NSW,1.0,35.0,9.0,1.0,0.0,1.0,1.0,13602.43,13830.64,12803.97,-798.45996
NSW,1.0,35.0,8.0,1.0,0.0,1.0,1.0,13732.07,17976.15,3786.628,-9945.442
NSW,1.0,33.0,11.0,1.0,0.0,1.0,1.0,14660.71,25142.24,4181.942,-10478.768
NSW,0.0,23.0,10.0,1.0,0.0,0.0,1.0,0.0,0.0,0.0,0.0
NSW,0.0,26.0,12.0,0.0,0.0,0.0,0.0,0.0,0.0,12383.68,12383.68
NSW,0.0,22.0,9.0,1.0,0.0,0.0,1.0,0.0,0.0,0.0,0.0
NSW,0.0,18.0,9.0,1.0,0.0,0.0,1.0,0.0,0.0,10740.08,10740.08
NSW,0.0,45.0,11.0,1.0,0.0,0.0,1.0,0.0,0.0,11796.47,11796.47
NSW,0.0,18.0,9.0,1.0,0.0,0.0,1.0,0.0,0.0,9227.052,9227.052
NSW,0.0,24.0,8.0,0.0,0.0,0.0,1.0,0.0,0.0,10569.27,10569.27
NSW,0.0,34.0,11.0,1.0,0.0,1.0,1.0,0.0,0.0,6040.335,6040.335
NSW,0.0,24.0,4.0,0.0,1.0,0.0,1.0,0.0,0.0,3880.833,3880.833
NSW,0.0,36.0,10.0,1.0,0.0,0.0,1.0,0.0,0.0,0.0,0.0
NSW,0.0,21.0,14.0,1.0,0.0,0.0,0.0,0.0,0.0,5775.062,5775.062
NSW,0.0,28.0,9.0,1.0,0.0,0.0,1.0,0.0,0.0,0.0,0.0
NSW,0.0,27.0,7.0,1.0,0.0,1.0,1.0,0.0,0.0,0.0,0.0
NSW,0.0,19.0,11.0,0.0,0.0,0.0,1.0,0.0,0.0,0.0,0.0
NSW,0.0,20.0,8.0,1.0,0.0,0.0,1.0,0.0,0.0,0.0,0.0
NSW,0.0,34.0,12.0,1.0,0.0,0.0,0.0,0.0,0.0,2113.722,2113.722
NSW,0.0,24.0,10.0,1.0,0.0,0.0,1.0,0.0,0.0,7618.639,7618.639
NSW,0.0,22.0,8.0,0.0,1.0,0.0,1.0,0.0,0.0,9920.945,9920.945
NSW,0.0,25.0,11.0,1.0,0.0,0.0,1.0,0.0,0.0,4196.375,4196.375
NSW,0.0,39.0,9.0,1.0,0.0,0.0,1.0,0.0,0.0,0.0,0.0
NSW,0.0,19.0,9.0,1.0,0.0,1.0,1.0,0.0,0.0,16658.25,16658.25
NSW,0.0,44.0,9.0,1.0,0.0,0.0,1.0,0.0,0.0,9722.003,9722.003
NSW,0.0,27.0,8.0,1.0,0.0,0.0,1.0,0.0,0.0,3783.66,3783.66
NSW,0.0,25.0,8.0,1.0,0.0,0.0,1.0,0.0,0.0,3515.929,3515.929
NSW,0.0,31.0,10.0,1.0,0.0,0.0,1.0,0.0,0.0,17014.59,17014.59
NSW,0.0,34.0,10.0,1.0,0.0,1.0,1.0,0.0,0.0,0.0,0.0
NSW,0.0,21.0,7.0,0.0,1.0,0.0,1.0,0.0,0.0,0.0,0.0
NSW,0.0,33.0,12.0,1.0,0.0,0.0,0.0,0.0,0.0,5970.257,5970.257
NSW,0.0,18.0,10.0,0.0,1.0,0.0,1.0,0.0,0.0,1859.167,1859.167
NSW,0.0,26.0,12.0,1.0,0.0,1.0,0.0,0.0,0.0,6191.943,6191.943
NSW,0.0,31.0,12.0,1.0,0.0,0.0,0.0,0.0,0.0,7284.394,7284.394
NSW,0.0,35.0,10.0,1.0,0.0,0.0,1.0,0.0,0.0,445.8309,445.8309
NSW,0.0,20.0,12.0,1.0,0.0,0.0,0.0,0.0,0.0,0.0,0.0
NSW,0.0,25.0,11.0,1.0,0.0,0.0,1.0,0.0,0.0,0.0,0.0
NSW,0.0,25.0,10.0,1.0,0.0,0.0,1.0,0.0,0.0,7367.04,7367.04
NSW,0.0,35.0,11.0,1.0,0.0,0.0,1.0,0.0,0.0,0.0,0.0
NSW,0.0,20.0,10.0,1.0,0.0,0.0,1.0,0.0,0.0,2015.503,2015.503
NSW,0.0,25.0,9.0,0.0,1.0,0.0,1.0,0.0,0.0,15791.13,15791.13
NSW,0.0,27.0,10.0,1.0,0.0,0.0,1.0,0.0,0.0,1135.47,1135.47
NSW,0.0,20.0,11.0,0.0,1.0,0.0,1.0,0.0,0.0,6378.72,6378.72
NSW,0.0,26.0,11.0,1.0,0.0,0.0,1.0,0.0,0.0,7176.187,7176.187
NSW,0.0,38.0,8.0,1.0,0.0,0.0,1.0,0.0,0.0,0.0,0.0
NSW,0.0,34.0,10.0,1.0,0.0,0.0,1.0,0.0,0.0,7952.54,7952.54
NSW,0.0,19.0,12.0,1.0,0.0,0.0,0.0,0.0,0.0,0.0,0.0
NSW,0.0,32.0,8.0,1.0,0.0,0.0,1.0,0.0,0.0,7152.132,7152.132
NSW,0.0,20.0,9.0,0.0,1.0,0.0,1.0,0.0,0.0,8329.823,8329.823
NSW,0.0,23.0,10.0,1.0,0.0,0.0,1.0,0.0,0.0,0.0,0.0
NSW,0.0,38.0,10.0,1.0,0.0,0.0,1.0,0.0,0.0,12429.91,12429.91
NSW,0.0,24.0,11.0,1.0,0.0,0.0,1.0,0.0,0.0,0.0,0.0
NSW,0.0,23.0,11.0,1.0,0.0,0.0,1.0,0.0,0.0,5088.76,5088.76
NSW,0.0,20.0,7.0,0.0,1.0,0.0,1.0,0.0,0.0,4374.04,4374.04
NSW,0.0,21.0,11.0,1.0,0.0,0.0,1.0,0.0,0.0,1553.291,1553.291
NSW,0.0,25.0,10.0,1.0,0.0,0.0,1.0,0.0,0.0,0.0,0.0
NSW,0.0,22.0,11.0,1.0,0.0,1.0,1.0,0.0,0.0,1698.304,1698.304
NSW,0.0,23.0,11.0,1.0,0.0,0.0,1.0,0.0,0.0,0.0,0.0
NSW,0.0,24.0,12.0,0.0,0.0,0.0,0.0,0.0,0.0,11294.63,11294.63
NSW,0.0,29.0,11.0,1.0,0.0,0.0,1.0,0.0,0.0,0.0,0.0
NSW,0.0,24.0,11.0,1.0,0.0,0.0,1.0,0.0,0.0,14626.39,14626.39
NSW,0.0,22.0,9.0,1.0,0.0,0.0,1.0,0.0,0.0,12898.38,12898.38
NSW,0.0,28.0,11.0,1.0,0.0,0.0,1.0,0.0,0.0,5767.133,5767.133
NSW,0.0,18.0,10.0,0.0,1.0,0.0,1.0,0.0,0.0,6527.919,6527.919
NSW,0.0,26.0,10.0,1.0,0.0,0.0,1.0,0.0,0.0,3931.238,3931.238
NSW,0.0,25.0,10.0,1.0,0.0,0.0,1.0,0.0,0.0,20942.24,20942.24
NSW,0.0,24.0,10.0,1.0,0.0,0.0,1.0,0.0,0.0,0.0,0.0
NSW,0.0,26.0,5.0,1.0,0.0,0.0,1.0,0.0,0.0,0.0,0.0
NSW,0.0,36.0,10.0,1.0,0.0,0.0,1.0,0.0,0.0,14690.35,14690.35
NSW,0.0,22.0,11.0,1.0,0.0,0.0,1.0,0.0,0.0,0.0,0.0
NSW,0.0,25.0,12.0,1.0,0.0,0.0,0.0,0.0,0.0,3418.097,3418.097
NSW,0.0,27.0,11.0,1.0,0.0,0.0,1.0,0.0,0.0,11197.34,11197.34
NSW,0.0,29.0,8.0,1.0,0.0,0.0,1.0,0.0,0.0,0.0,0.0
NSW,0.0,24.0,12.0,1.0,0.0,0.0,0.0,0.0,0.0,0.0,0.0
NSW,0.0,22.0,10.0,1.0,0.0,0.0,1.0,0.0,0.0,0.0,0.0
NSW,0.0,24.0,7.0,1.0,0.0,0.0,1.0,0.0,0.0,1455.69,1455.69
NSW,0.0,29.0,12.0,1.0,0.0,0.0,0.0,0.0,0.0,1890.937,1890.937
NSW,0.0,25.0,11.0,0.0,1.0,1.0,1.0,0.0,0.0,4485.616,4485.616
NSW,0.0,30.0,12.0,1.0,0.0,0.0,0.0,0.0,0.0,13613.35,13613.35
NSW,0.0,22.0,8.0,1.0,0.0,0.0,1.0,0.0,0.0,1390.509,1390.509
NSW,0.0,55.0,3.0,1.0,0.0,0.0,1.0,0.0,0.0,5843.796,5843.796
NSW,0.0,20.0,10.0,1.0,0.0,0.0,1.0,0.0,0.0,8598.522,8598.522
NSW,0.0,34.0,11.0,1.0,0.0,0.0,1.0,0.0,0.0,2920.199,2920.199
NSW,0.0,22.0,12.0,1.0,0.0,0.0,0.0,0.0,0.0,0.0,0.0
NSW,0.0,32.0,12.0,0.0,1.0,1.0,0.0,0.0,0.0,6735.32,6735.32
NSW,0.0,31.0,10.0,1.0,0.0,0.0,1.0,0.0,0.0,0.0,0.0
NSW,0.0,18.0,9.0,1.0,0.0,0.0,1.0,0.0,0.0,0.0,0.0
NSW,0.0,50.0,10.0,0.0,1.0,0.0,1.0,0.0,0.0,0.0,0.0
NSW,0.0,25.0,11.0,1.0,0.0,1.0,1.0,0.0,0.0,44.75546,44.75546
NSW,0.0,23.0,10.0,1.0,0.0,1.0,1.0,0.0,0.0,0.0,0.0
NSW,0.0,38.0,10.0,1.0,0.0,0.0,1.0,0.0,0.0,0.0,0.0
NSW,0.0,25.0,10.0,1.0,0.0,1.0,1.0,0.0,0.0,3701.812,3701.812
NSW,0.0,42.0,10.0,1.0,0.0,0.0,1.0,0.0,0.0,6930.336,6930.336
NSW,0.0,39.0,12.0,1.0,0.0,1.0,0.0,0.0,0.0,3795.799,3795.799
NSW,0.0,34.0,13.0,1.0,0.0,1.0,0.0,0.0,0.0,5193.247,5193.247
NSW,0.0,24.0,7.0,1.0,0.0,0.0,1.0,0.0,0.0,2193.528,2193.528
NSW,0.0,32.0,11.0,1.0,0.0,0.0,1.0,0.0,0.0,11120.53,11120.53
NSW,0.0,27.0,13.0,1.0,0.0,0.0,0.0,0.0,0.0,7609.518,7609.518
NSW,0.0,26.0,10.0,1.0,0.0,0.0,1.0,0.0,0.0,2169.027,2169.027
NSW,0.0,44.0,11.0,1.0,0.0,0.0,1.0,0.0,0.0,0.0,0.0
NSW,0.0,25.0,11.0,1.0,0.0,0.0,1.0,0.0,0.0,1264.232,1264.232
NSW,0.0,25.0,12.0,1.0,0.0,0.0,0.0,0.0,0.0,0.0,0.0
NSW,0.0,28.0,12.0,1.0,0.0,1.0,0.0,0.0,0.0,0.0,0.0
NSW,0.0,32.0,10.0,1.0,0.0,0.0,1.0,0.0,0.0,0.0,0.0
NSW,0.0,22.0,10.0,1.0,0.0,0.0,1.0,0.0,0.0,0.0,0.0
NSW,0.0,19.0,9.0,1.0,0.0,0.0,1.0,0.0,0.0,5712.643,5712.643
NSW,0.0,31.0,10.0,1.0,0.0,1.0,1.0,0.0,0.0,0.0,0.0
NSW,0.0,23.0,11.0,1.0,0.0,0.0,1.0,0.0,0.0,0.0,0.0
NSW,0.0,33.0,11.0,1.0,0.0,0.0,1.0,0.0,0.0,0.0,0.0
NSW,0.0,27.0,10.0,1.0,0.0,0.0,1.0,0.0,0.0,1184.882,1184.882
NSW,0.0,29.0,11.0,1.0,0.0,1.0,1.0,0.0,0.0,10225.88,10225.88
NSW,0.0,23.0,10.0,1.0,0.0,0.0,1.0,0.0,0.0,0.0,0.0
NSW,0.0,25.0,9.0,1.0,0.0,1.0,1.0,0.0,0.0,4715.371,4715.371
NSW,0.0,25.0,10.0,1.0,0.0,0.0,1.0,0.0,0.0,289.7899,289.7899
NSW,0.0,24.0,10.0,1.0,0.0,0.0,1.0,0.0,0.0,0.0,0.0
NSW,0.0,28.0,8.0,0.0,0.0,0.0,1.0,0.0,0.0,8190.421,8190.421
NSW,0.0,26.0,6.0,1.0,0.0,0.0,1.0,0.0,0.0,4813.05,4813.05
NSW,0.0,30.0,14.0,1.0,0.0,1.0,0.0,0.0,0.0,7344.678,7344.678
NSW,0.0,25.0,10.0,1.0,0.0,1.0,1.0,0.0,0.0,0.0,0.0
NSW,0.0,29.0,11.0,1.0,0.0,1.0,1.0,0.0,0.0,0.0,0.0
NSW,0.0,25.0,12.0,1.0,0.0,1.0,0.0,0.0,0.0,0.0,0.0
NSW,0.0,28.0,13.0,1.0,0.0,0.0,0.0,0.0,0.0,0.0,0.0
NSW,0.0,23.0,11.0,1.0,0.0,0.0,1.0,0.0,0.0,4350.907,4350.907
NSW,0.0,54.0,11.0,1.0,0.0,0.0,1.0,0.0,0.0,7812.522,7812.522
NSW,0.0,33.0,5.0,0.0,1.0,0.0,1.0,0.0,0.0,0.0,0.0
NSW,0.0,20.0,8.0,1.0,0.0,0.0,1.0,0.0,0.0,3644.655,3644.655
NSW,0.0,45.0,9.0,1.0,0.0,0.0,1.0,0.0,0.0,4844.803,4844.803
NSW,0.0,39.0,6.0,1.0,0.0,0.0,1.0,0.0,0.0,0.0,0.0
NSW,0.0,26.0,12.0,1.0,0.0,0.0,0.0,0.0,0.0,0.0,0.0
NSW,0.0,23.0,10.0,1.0,0.0,0.0,1.0,0.0,0.0,0.0,0.0
NSW,0.0,27.0,12.0,0.0,0.0,0.0,0.0,0.0,0.0,14792.9,14792.9
NSW,0.0,33.0,9.0,0.0,1.0,1.0,1.0,0.0,0.0,0.0,0.0
NSW,0.0,25.0,10.0,1.0,0.0,1.0,1.0,0.0,0.0,0.0,0.0
NSW,0.0,23.0,8.0,1.0,0.0,0.0,1.0,0.0,0.0,3746.701,3746.701
NSW,0.0,18.0,8.0,1.0,0.0,0.0,1.0,0.0,0.0,1568.15,1568.15
NSW,0.0,17.0,8.0,1.0,0.0,0.0,1.0,0.0,0.0,7010.444,7010.444
NSW,0.0,19.0,9.0,0.0,1.0,0.0,1.0,0.0,0.0,3811.683,3811.683
NSW,0.0,18.0,8.0,0.0,1.0,0.0,1.0,0.0,0.0,10798.56,10798.56
NSW,0.0,18.0,11.0,1.0,0.0,0.0,1.0,0.0,0.0,4657.273,4657.273
NSW,0.0,17.0,11.0,1.0,0.0,0.0,1.0,0.0,0.0,8551.533,8551.533
NSW,0.0,19.0,10.0,1.0,0.0,0.0,1.0,0.0,0.0,4309.878,4309.878
NSW,0.0,19.0,10.0,1.0,0.0,0.0,1.0,0.0,0.0,5286.396,5286.396
NSW,0.0,18.0,9.0,1.0,0.0,0.0,1.0,0.0,0.0,12486.17,12486.17
NSW,0.0,18.0,9.0,1.0,0.0,0.0,1.0,0.0,0.0,10877.35,10877.35
NSW,0.0,18.0,10.0,1.0,0.0,0.0,1.0,0.0,0.0,202.2847,202.2847
NSW,0.0,17.0,10.0,1.0,0.0,0.0,1.0,0.0,0.0,2657.705,2657.705
NSW,0.0,18.0,7.0,1.0,0.0,0.0,1.0,0.0,0.0,4132.577,4132.577
NSW,0.0,18.0,11.0,1.0,0.0,0.0,1.0,0.0,0.0,11303.14,11303.14
NSW,0.0,19.0,10.0,0.0,1.0,0.0,1.0,0.0,0.0,0.0,0.0
NSW,0.0,18.0,9.0,1.0,0.0,0.0,1.0,0.0,0.0,0.0,0.0
NSW,0.0,17.0,10.0,1.0,0.0,0.0,1.0,0.0,0.0,0.0,0.0
NSW,0.0,17.0,10.0,1.0,0.0,0.0,1.0,0.0,0.0,2189.426,2189.426
NSW,0.0,19.0,11.0,1.0,0.0,0.0,1.0,0.0,0.0,0.0,0.0
NSW,0.0,17.0,8.0,0.0,0.0,0.0,1.0,0.0,0.0,10210.99,10210.99
NSW,0.0,18.0,10.0,1.0,0.0,0.0,1.0,0.0,0.0,11048.08,11048.08
NSW,0.0,18.0,9.0,1.0,0.0,0.0,1.0,0.0,0.0,0.0,0.0
NSW,0.0,17.0,8.0,1.0,0.0,0.0,1.0,0.0,0.0,8993.865,8993.865
NSW,0.0,19.0,6.0,0.0,1.0,0.0,1.0,0.0,0.0,5071.801,5071.801
NSW,0.0,19.0,10.0,0.0,0.0,0.0,1.0,0.0,0.0,3194.01,3194.01
NSW,0.0,17.0,11.0,0.0,0.0,0.0,1.0,0.0,0.0,0.0,0.0
NSW,0.0,20.0,9.0,1.0,0.0,0.0,1.0,0.0,0.0,5193.089,5193.089
NSW,0.0,17.0,9.0,1.0,0.0,0.0,1.0,0.0,0.0,0.0,0.0
NSW,0.0,17.0,10.0,1.0,0.0,0.0,1.0,0.0,0.0,275.5661,275.5661
NSW,0.0,17.0,9.0,1.0,0.0,0.0,1.0,0.0,0.0,3590.702,3590.702
NSW,0.0,19.0,11.0,1.0,0.0,0.0,1.0,0.0,0.0,0.0,0.0
NSW,0.0,19.0,10.0,1.0,0.0,1.0,1.0,0.0,0.0,12797.67,12797.67
NSW,0.0,20.0,9.0,1.0,0.0,0.0,1.0,0.0,0.0,2035.914,2035.914
NSW,0.0,18.0,9.0,1.0,0.0,0.0,1.0,0.0,0.0,2389.679,2389.679
NSW,0.0,18.0,11.0,1.0,0.0,0.0,1.0,0.0,0.0,0.0,0.0
NSW,0.0,17.0,10.0,0.0,1.0,0.0,1.0,0.0,0.0,8469.275,8469.275
NSW,0.0,19.0,11.0,1.0,0.0,0.0,1.0,0.0,0.0,0.0,0.0
NSW,0.0,17.0,10.0,1.0,0.0,0.0,1.0,0.0,0.0,1143.387,1143.387
NSW,0.0,17.0,9.0,0.0,1.0,0.0,1.0,0.0,0.0,5114.814,5114.814
NSW,0.0,18.0,10.0,1.0,0.0,0.0,1.0,0.0,0.0,781.2243,781.2243
NSW,0.0,21.0,9.0,1.0,0.0,0.0,1.0,591.4991,0.0,3343.224,2751.725
NSW,0.0,18.0,10.0,1.0,0.0,0.0,1.0,1563.249,0.0,9602.439,8039.1904
NSW,0.0,19.0,11.0,1.0,0.0,0.0,1.0,1626.623,0.0,0.0,-1626.623
NSW,0.0,24.0,9.0,1.0,0.0,0.0,1.0,2788.498,0.0,16461.57,13673.072
NSW,0.0,28.0,11.0,0.0,1.0,1.0,1.0,3472.948,0.0,6771.622,3298.674
NSW,0.0,25.0,11.0,1.0,0.0,0.0,1.0,5281.245,0.0,0.0,-5281.245
NSW,0.0,21.0,7.0,1.0,0.0,0.0,1.0,33799.95,0.0,11011.57,-22788.379
NSW,0.0,39.0,11.0,1.0,0.0,0.0,1.0,0.0,83.68964,0.0,0.0
NSW,0.0,36.0,12.0,1.0,0.0,0.0,0.0,0.0,142.3973,0.0,0.0
NSW,0.0,24.0,12.0,1.0,0.0,0.0,0.0,0.0,159.8847,0.0,0.0
NSW,0.0,17.0,11.0,1.0,0.0,0.0,1.0,989.2678,165.2077,4251.127,3261.8591
NSW,0.0,18.0,10.0,1.0,0.0,0.0,1.0,960.4268,240.1067,2891.668,1931.2412
NSW,0.0,18.0,10.0,1.0,0.0,0.0,1.0,0.0,273.5525,5514.365,5514.365
NSW,0.0,28.0,10.0,1.0,0.0,0.0,1.0,1471.293,367.8234,4858.895,3387.602
NSW,0.0,27.0,13.0,0.0,0.0,0.0,0.0,5214.306,474.5018,4812.576,-401.72998
NSW,0.0,31.0,12.0,0.0,0.0,0.0,0.0,0.0,494.643,0.0,0.0
NSW,0.0,22.0,9.0,1.0,0.0,0.0,1.0,0.0,506.4076,604.1987,604.1987
NSW,0.0,31.0,10.0,1.0,0.0,0.0,1.0,0.0,520.4463,14527.88,14527.88
NSW,0.0,26.0,10.0,1.0,0.0,1.0,1.0,6140.367,558.7734,0.0,-6140.367
NSW,0.0,18.0,9.0,0.0,0.0,0.0,1.0,0.0,559.596,7300.498,7300.498
NSW,0.0,23.0,11.0,1.0,0.0,0.0,1.0,6382.309,580.7901,0.0,-6382.309
NSW,0.0,20.0,12.0,1.0,0.0,0.0,0.0,0.0,591.8151,4159.919,4159.919
NSW,0.0,19.0,10.0,1.0,0.0,0.0,1.0,0.0,604.1539,0.0,0.0
NSW,0.0,18.0,11.0,1.0,0.0,0.0,1.0,1064.699,645.2723,5497.591,4432.8916
NSW,0.0,17.0,10.0,1.0,0.0,0.0,1.0,0.0,664.569,0.0,0.0
NSW,0.0,27.0,12.0,1.0,0.0,1.0,0.0,0.0,752.3901,0.0,0.0
NSW,0.0,27.0,11.0,1.0,0.0,0.0,1.0,3065.194,766.2986,0.0,-3065.194
NSW,0.0,28.0,12.0,0.0,0.0,0.0,0.0,0.0,803.343,16477.02,16477.02
NSW,0.0,28.0,11.0,1.0,0.0,0.0,1.0,2431.949,863.4795,0.0,-2431.949
NSW,0.0,21.0,10.0,1.0,0.0,0.0,1.0,6661.063,1162.362,39483.53,32822.47
NSW,0.0,17.0,10.0,0.0,1.0,0.0,1.0,4905.119,1168.902,11306.27,6401.1504
NSW,0.0,26.0,11.0,1.0,0.0,0.0,1.0,4699.963,1174.991,6672.021,1972.0581
NSW,0.0,29.0,9.0,1.0,0.0,0.0,1.0,0.0,1203.824,9378.653,9378.653
NSW,0.0,17.0,10.0,0.0,1.0,0.0,1.0,1203.609,1239.628,5088.986,3885.377
NSW,0.0,22.0,11.0,1.0,0.0,0.0,1.0,7914.131,1321.66,2639.29,-5274.841
NSW,0.0,24.0,11.0,1.0,0.0,0.0,1.0,0.0,1327.993,9495.902,9495.902
NSW,0.0,20.0,12.0,1.0,0.0,0.0,0.0,557.6988,1371.473,20893.11,20335.41
NSW,0.0,18.0,12.0,1.0,0.0,0.0,0.0,0.0,1405.512,0.0,0.0
NSW,0.0,24.0,11.0,0.0,0.0,0.0,1.0,2669.725,1468.383,10361.69,7691.9653
NSW,0.0,21.0,9.0,0.0,0.0,0.0,1.0,2988.412,1577.167,1740.199,-1248.2131
NSW,0.0,30.0,8.0,1.0,0.0,0.0,1.0,0.0,1706.657,0.0,0.0
NSW,0.0,31.0,11.0,1.0,0.0,0.0,1.0,17711.88,1726.445,0.0,-17711.88
NSW,0.0,17.0,10.0,0.0,1.0,0.0,1.0,1442.681,1734.559,6354.194,4911.5127
NSW,0.0,19.0,9.0,1.0,0.0,0.0,1.0,8409.627,1778.089,7171.0,-1238.627
NSW,0.0,23.0,11.0,1.0,0.0,0.0,1.0,0.0,1896.023,5573.547,5573.547
NSW,0.0,22.0,12.0,1.0,0.0,0.0,0.0,4380.017,2003.68,439.6881,-3940.329
NSW,0.0,29.0,12.0,1.0,0.0,0.0,0.0,22859.44,2080.209,16969.95,-5889.49
NSW,0.0,22.0,10.0,1.0,0.0,0.0,1.0,0.0,2174.955,5344.021,5344.021
NSW,0.0,29.0,13.0,1.0,0.0,0.0,0.0,718.2492,2265.579,2725.322,2007.0728
NSW,0.0,19.0,11.0,1.0,0.0,0.0,1.0,721.3406,2445.589,9772.283,9050.942
NSW,0.0,17.0,9.0,1.0,0.0,0.0,1.0,0.0,2595.267,0.0,0.0
NSW,0.0,18.0,10.0,1.0,0.0,0.0,1.0,1716.509,2682.125,0.0,-1716.509
NSW,0.0,19.0,12.0,1.0,0.0,0.0,0.0,8417.0,2814.195,1720.907,-6696.093
NSW,0.0,20.0,6.0,1.0,0.0,0.0,1.0,6006.879,2850.61,0.0,-6006.879
NSW,0.0,33.0,11.0,1.0,0.0,0.0,1.0,10523.83,2899.82,18859.89,8336.061
NSW,0.0,36.0,11.0,0.0,1.0,0.0,1.0,5443.734,3063.878,1324.542,-4119.192
NSW,0.0,25.0,11.0,1.0,0.0,0.0,1.0,15209.99,3072.726,284.6584,-14925.332
NSW,0.0,19.0,11.0,1.0,0.0,0.0,1.0,3504.014,3285.68,11195.93,7691.916
NSW,0.0,23.0,8.0,1.0,0.0,0.0,1.0,7724.283,3403.056,0.0,-7724.283
NSW,0.0,17.0,11.0,1.0,0.0,0.0,1.0,4080.73,3796.029,0.0,-4080.73
NSW,0.0,43.0,10.0,1.0,0.0,0.0,1.0,2502.868,4128.443,7565.273,5062.4053
NSW,0.0,26.0,11.0,1.0,0.0,1.0,1.0,0.0,4184.732,0.0,0.0
NSW,0.0,27.0,11.0,1.0,0.0,1.0,1.0,0.0,4491.884,0.0,0.0
NSW,0.0,19.0,11.0,1.0,0.0,0.0,1.0,6337.492,4503.064,0.0,-6337.492
NSW,0.0,28.0,11.0,1.0,0.0,1.0,1.0,8593.163,5393.895,4974.586,-3618.5771
NSW,0.0,28.0,12.0,1.0,0.0,1.0,0.0,10585.13,5551.456,12780.02,2194.8896
NSW,0.0,26.0,8.0,1.0,0.0,0.0,1.0,1126.29,5562.598,3523.578,2397.2878
NSW,0.0,31.0,12.0,1.0,0.0,0.0,0.0,0.0,5613.909,0.0,0.0
NSW,0.0,23.0,11.0,1.0,0.0,0.0,1.0,7617.362,5716.407,10274.84,2657.478
NSW,0.0,20.0,12.0,1.0,0.0,0.0,0.0,7182.492,6004.728,4779.72,-2402.772
NSW,0.0,28.0,10.0,1.0,0.0,1.0,1.0,8293.345,6449.48,16988.18,8694.835
NSW,0.0,39.0,12.0,1.0,0.0,1.0,0.0,19785.32,6608.137,499.2572,-19286.062
NSW,0.0,21.0,8.0,1.0,0.0,0.0,1.0,39570.68,6608.304,3083.581,-36487.098
NSW,0.0,22.0,11.0,1.0,0.0,0.0,1.0,8810.067,6974.484,3708.719,-5101.3486
NSW,0.0,20.0,11.0,1.0,0.0,0.0,1.0,8009.164,7666.875,7659.218,-349.9463
NSW,0.0,21.0,11.0,0.0,1.0,0.0,1.0,2992.534,8920.471,20857.84,17865.307
NSW,0.0,23.0,12.0,0.0,1.0,0.0,0.0,5721.696,8960.684,7078.178,1356.4824
NSW,0.0,29.0,9.0,1.0,0.0,0.0,1.0,9268.943,9160.693,0.0,-9268.943
NSW,0.0,28.0,9.0,1.0,0.0,1.0,1.0,10222.41,9210.447,1239.844,-8982.566
NSW,0.0,30.0,11.0,1.0,0.0,1.0,1.0,0.0,9311.938,3982.801,3982.801
NSW,0.0,25.0,10.0,1.0,0.0,1.0,1.0,13519.97,9319.444,0.0,-13519.97
NSW,0.0,28.0,11.0,1.0,0.0,1.0,1.0,824.3889,10033.91,0.0,-824.3889
NSW,0.0,22.0,10.0,0.0,0.0,0.0,1.0,27864.36,10598.67,7094.92,-20769.44
NSW,0.0,44.0,9.0,1.0,0.0,1.0,1.0,12260.78,10857.24,12359.31,98.5293
NSW,0.0,21.0,9.0,1.0,0.0,0.0,1.0,31886.43,12357.22,0.0,-31886.43
NSW,0.0,28.0,11.0,1.0,0.0,0.0,1.0,17491.45,13371.25,0.0,-17491.45
NSW,0.0,29.0,9.0,0.0,1.0,0.0,1.0,9594.308,16341.16,16900.3,7305.993
NSW,0.0,25.0,9.0,1.0,0.0,1.0,1.0,24731.62,16946.63,7343.964,-17387.656
NSW,0.0,22.0,10.0,0.0,0.0,1.0,1.0,25720.92,23031.98,5448.801,-20272.12
