district,trump16_margin,obama12_margin,house_dem18_margin,house_dem_avg_margin,rpt,incumbent_party,safety,house_dem20_margin,house20_winner,govtrack_ideology,last_name
AK-AL,0.1519999999999999,-0.1409999999999999,-0.0658477633733334,-0.165514411047347,0.51,R,Vulnerable,-0.264,Rep,0.5767421099262751,b'Young'
AL-1,0.294,-0.244,-0.263798497219898,-0.6426561460835089,0.88,R,Safe,-0.36,Rep,0.7680965801088768,b'Byrne'
AL-2,0.319,-0.265,-0.2296247182071343,-0.2331902505960815,0.94,R,Safe,-0.307,Rep,0.5549870798941844,b'Roby'
AL-3,0.33,-0.255,-0.2749886811978527,-0.3051662731442618,0.76,R,Safe,-0.378,Rep,0.5924983760943531,b'Rogers'
AL-4,0.6300000000000001,-0.508,-0.5964566673449684,-0.7620510545677303,0.91,R,Safe,-0.658,Rep,0.59934162787387,b'Aderholt'
AL-5,0.3340000000000001,-0.29,-0.2212542150510409,-0.4002457106674523,0.39,R,Safe,-1.0,Rep,0.7295286843978798,b'Brooks'
AL-6,0.4469999999999999,-0.4959999999999999,-0.3840720301227329,-0.4562007554773515,0.84,R,Safe,-0.971,Rep,0.6476621407399803,b'Palmer'
AL-7,-0.412,0.453,0.9780453894260506,0.8658834419150097,0.7,D,Safe,1.0,Dem,0.3215596669481391,b'Sewell'
AR-1,0.348,-0.247,-0.4017491117791746,-0.4110458685151804,1.0,R,Safe,-1.0,Rep,0.6961703414396823,b'Crawford'
AR-2,0.1069999999999999,-0.118,-0.0630886199808248,-0.1295131813454215,0.95,R,Vulnerable,-0.112,Rep,0.6817686195002942,b'Hill'
AR-3,0.314,-0.3389999999999999,-0.3211250805370296,-0.6618739664742745,1.0,R,Safe,-0.327,Rep,0.6084235867093667,b'Womack'
AR-4,0.329,-0.259,-0.3550943911914569,-0.3610770701206085,0.92,R,Safe,-0.4199999999999999,Rep,0.7399911539866878,b'Westerman'
AZ-1,0.011,-0.025,0.0768765337913255,0.0596318760092914,1.0,D,Vulnerable,0.034,Dem,0.4603826293056333,b'O\xe2\x80\x99Halleran'
AZ-2,-0.0489999999999999,-0.015,0.0949067148957002,-0.0091502585393275,0.93,D,Safe,0.1130000000000001,Dem,0.3456851265903178,b'Kirkpatrick'
AZ-3,-0.299,0.245,0.2773092391849285,0.3971701324977085,1.0,D,Safe,0.2919999999999999,Dem,0.0703358724669678,b'Grijalva'
AZ-4,0.402,-0.362,-0.3765625282004078,-0.4079917016363113,1.0,R,Safe,-0.3940000000000001,Rep,0.8885124052948375,b'Gosar'
AZ-5,0.211,-0.292,-0.1884918099813456,-0.3014424554624995,1.0,R,Safe,-0.1740000000000001,Rep,0.7736189679114288,b'Biggs'
AZ-6,0.1,-0.207,-0.1038607072384674,-0.2308825938094096,0.98,R,Vulnerable,-0.042,Rep,0.6483990021325805,b'Schweikert'
AZ-7,-0.4919999999999999,0.452,0.8560631877077796,0.7317256936187841,1.0,D,Safe,0.534,Dem,0.2538714304879589,b'Gallego'
AZ-8,0.211,-0.248,-0.1092777341607071,-0.4589476935113095,1.0,R,Safe,-0.1899999999999999,Rep,0.8788894695077509,b'Lesko'
AZ-9,-0.163,0.045,0.2217114203142644,0.1523984176400823,1.0,D,Safe,0.2319999999999999,Dem,0.3985182503109427,b'Stanton'
CA-1,0.197,-0.163,-0.0977317777457698,-0.1617617273849727,0.88,R,Safe,-0.134,Rep,0.7812099067394264,b'LaMalfa'
CA-2,-0.457,0.42,0.540159096741083,0.5004630969803145,0.76,D,Safe,0.56,Dem,0.1937130605905402,b'Huffman'
CA-3,-0.126,0.1119999999999999,0.1614589388205002,0.1218974119082679,0.86,D,Safe,0.122,Dem,0.2934674253089739,b'Garamendi'
CA-4,0.147,-0.184,-0.0826292954141152,-0.2899251951205719,0.96,R,Safe,-0.102,Rep,0.6379560112496783,b'McClintock'
CA-5,-0.449,0.422,0.788681240374227,0.6431973039598115,0.8,D,Safe,0.5619999999999999,Dem,0.2827403862045901,b'Thompson'
CA-6,-0.448,0.408,0.8042577213911132,0.5669073147912085,0.7,D,Safe,0.504,Dem,0.2466327950787308,b'Matsui'
CA-7,-0.1139999999999999,0.04,0.1008994485418139,0.0414707750589829,0.7,D,Safe,0.194,Dem,0.3709990428731049,b'Bera'
CA-8,0.151,-0.1389999999999999,-0.5996721023509091,-0.4429108588341742,0.75,R,Safe,-0.084,Rep,0.6469322188746308,b'Cook'
CA-9,-0.186,0.1769999999999999,0.1298296996956611,0.1088774350049567,0.7,D,Safe,0.2159999999999999,Dem,0.2197285769786645,b'McNerney'
CA-10,-0.03,0.036,0.0450202794051374,-0.0415327523539389,0.78,D,Safe,0.1379999999999999,Dem,0.4131507702447179,b'Harder'
CA-11,-0.488,0.3759999999999999,0.4826484233588821,0.4159545277395755,0.9,D,Safe,0.482,Dem,0.1183218176077989,b'DeSaulnier'
CA-12,-0.775,0.716,0.7364636423272948,0.7279871223084768,0.94,D,Safe,0.777,Dem,0.3429703463249378,b'Pelosi'
CA-13,-0.806,0.785,0.8838103765809583,0.8342231345638843,0.77,D,Safe,0.8140000000000001,Dem,0.0,b'Lee'
CA-14,-0.5870000000000001,0.506,0.5844511155335186,0.5784910437016737,0.81,D,Safe,0.6040000000000001,Dem,0.2017313024082769,b'Speier'
CA-15,-0.457,0.382,0.4593508766895285,0.4629691978911391,0.86,D,Safe,0.442,Dem,0.2522690500654395,b'Swalwell'
CA-16,-0.216,0.192,0.1509034058716135,0.1185991256995105,0.95,D,Safe,0.1859999999999999,Dem,0.3721066667204253,b'Costa'
CA-17,-0.534,0.4640000000000001,0.5069472727100519,0.5263668410484477,0.89,D,Safe,0.4399999999999999,Dem,0.1103392320440878,b'Khanna'
CA-18,-0.532,0.393,0.4898325160965862,0.4194009641739978,0.78,D,Safe,0.639,Dem,0.2222916754880184,b'Eshoo'
CA-19,-0.514,0.447,0.4750974723015264,0.5227037066823791,0.88,D,Safe,0.446,Dem,0.2617729499129602,b'Lofgren'
CA-20,-0.472,0.447,0.8137346547286252,0.6154867174393359,0.91,D,Safe,0.556,Dem,0.319939717030722,b'Panetta'
CA-21,-0.155,0.111,0.0075869595831572,-0.1097606831294153,0.83,D,Vulnerable,-0.0359999999999999,Rep,0.3108924469366463,b'Cox'
CA-22,0.095,-0.15,-0.054443090399723,-0.2710099693606915,1.0,R,Safe,-0.084,Rep,0.4576209361961085,b'Nunes'
CA-23,0.22,-0.254,-0.2743398096941304,-0.4717117636496684,0.66,R,Safe,-0.1659999999999999,Rep,0.4153197890084873,b'McCarthy'
CA-24,-0.202,0.11,0.1711100407480197,0.0949949343143107,0.81,D,Safe,0.214,Dem,0.2653938296007986,b'Carbajal'
CA-26,-0.2189999999999999,0.1029999999999999,0.2388402120379287,0.1317245893923894,0.87,D,Safe,0.2279999999999999,Dem,0.2064226694557148,b'Brownley'
CA-27,-0.376,0.276,0.7920803805839042,0.4017959534940075,0.92,D,Safe,0.408,Dem,0.1411789861190456,b'Chu'
CA-28,-0.498,0.4379999999999999,0.5674400439956324,0.6054683644964634,0.9,D,Safe,0.4659999999999999,Dem,0.1993930023868959,b'Schiff'
CA-29,-0.6090000000000001,0.565,0.6121971401236004,0.6480756988192372,0.85,D,Safe,0.574,Dem,0.2164945814410205,b'C\xc3\xa1rdenas'
CA-30,-0.4339999999999999,0.3319999999999999,0.4680317096627113,0.4591517435316519,0.89,D,Safe,0.3980000000000001,Dem,0.318143254128756,b'Sherman'
CA-31,-0.211,0.166,0.1748899970665884,-0.0552262874299945,0.76,D,Safe,0.242,Dem,0.2598902130332805,b'Aguilar'
CA-32,-0.3889999999999999,0.327,0.3755669910919557,0.3746062910537661,0.88,D,Safe,0.3219999999999999,Dem,0.1454668288068382,b'Napolitano'
CA-33,-0.413,0.238,0.4005689445758486,0.3631671700334827,0.85,D,Safe,0.3619999999999999,Dem,0.2158510504266607,b'Lieu'
CA-34,-0.7289999999999999,0.6890000000000001,0.7254157176148408,0.7337288522771915,0.89,D,Safe,0.529,Dem,0.2017886005484572,b'Gomez'
CA-35,-0.408,0.368,0.3879643547348078,0.5072201386266546,0.78,D,Safe,0.3980000000000001,Dem,0.2502764968628035,b'Torres'
CA-36,-0.088,0.032,0.1803311949296646,0.1409696300273934,0.65,D,Safe,0.2319999999999999,Dem,0.3185839955913324,b'Ruiz'
CA-37,-0.7610000000000001,0.722,0.781510969717994,0.7516875783740509,0.82,D,Safe,0.7280000000000001,Dem,0.1339968064182146,b'Bass'
CA-38,-0.396,0.319,0.3770355566987871,0.3298250442072443,0.81,D,Safe,0.743,Dem,0.2168445327530021,b'S\xc3\xa1nchez'
CA-39,-0.086,-0.0369999999999999,0.0311424631638386,-0.1600318601263749,1.0,D,Safe,-0.01,Rep,0.3092265257691083,b'Cisneros'
CA-40,-0.6940000000000001,0.65,0.7734769327042627,0.671963626518051,0.79,D,Safe,0.462,Dem,0.1410417814576079,b'Roybal-Allard'
CA-41,-0.2789999999999999,0.252,0.3019946104614792,0.2283092773825157,0.61,D,Safe,0.288,Dem,0.1655193346069716,b'Takano'
CA-42,0.12,-0.151,-0.1299863753169032,-0.2082658153411953,0.67,R,Safe,-0.1159999999999999,Rep,0.6478229577716129,b'Calvert'
CA-43,-0.617,0.58,0.5533837961357191,0.5516585917873742,0.89,D,Safe,0.442,Dem,0.1854266731496698,b'Waters'
CA-44,-0.7070000000000001,0.7110000000000001,0.6833842675932515,0.6685222199712881,0.8,D,Safe,0.687,Dem,0.1763253679478022,b'Barrag\xc3\xa1n'
CA-45,-0.0539999999999999,-0.1179999999999999,0.0410201481219434,-0.1504374961063878,1.0,D,Safe,0.072,Dem,0.2425267622942522,b'Porter'
CA-46,-0.384,0.2519999999999999,0.3829200356959355,0.3886475437494183,1.0,D,Safe,0.3759999999999999,Dem,0.3250948599459033,b'Correa'
CA-47,-0.316,0.225,0.2971099730360665,0.2056281609852054,0.93,D,Safe,0.258,Dem,0.1136903434365055,b'Lowenthal'
CA-48,-0.0169999999999999,-0.117,0.0710398458281309,-0.1493414816289145,1.0,D,Vulnerable,-0.018,Rep,0.3366821683567094,b'Rouda'
CA-49,-0.075,-0.065,0.1283801647290106,-0.0608698961568751,1.0,D,Safe,0.068,Dem,0.2777405895161412,b'Levin'
CA-50,0.15,-0.2279999999999999,-0.0343096878488125,-0.2702830722601115,0.99,R,Vulnerable,-0.0759999999999999,Rep,0.6387913723374805,b'Hunter'
CA-51,-0.49,0.4050000000000001,0.424019034246041,0.4211114859308644,0.91,D,Safe,0.4019999999999999,Dem,0.2488537899437141,b'Vargas'
CA-52,-0.225,0.0639999999999999,0.2769427750019425,0.1157056731581618,1.0,D,Safe,0.234,Dem,0.3501412675368973,b'Peters'
CA-53,-0.349,0.25,0.3814817295028907,0.2817569849692054,0.91,D,Safe,0.595,Dem,0.2577886867079768,b'Davis'
CO-1,-0.4579999999999999,0.402,0.5076617625976149,0.4230649269063993,0.86,D,Safe,0.512,Dem,0.2261630532629887,b'DeGette'
CO-2,-0.213,0.184,0.266380099114288,0.1923734016359207,0.9,D,Safe,0.2569999999999999,Dem,0.287575495223786,b'Neguse'
CO-3,0.12,-0.06,-0.0796545990499392,-0.1419719377240505,0.93,R,Vulnerable,-0.059,Rep,0.7267840206464988,b'Tipton'
CO-4,0.231,-0.1929999999999999,-0.2123858845939466,-0.2756455591641893,0.98,R,Safe,-0.236,Rep,0.6676754553451201,b'Buck'
CO-5,0.24,-0.208,-0.1771420601589983,-0.3342969641967522,0.97,R,Safe,-0.203,Rep,0.7796843868394067,b'Lamborn'
CO-6,-0.089,0.051,0.1123186002992933,-0.0200471927660184,0.96,D,Safe,0.171,Dem,0.3268905843486029,b'Crow'
CO-7,-0.12,0.148,0.2500724839204037,0.1581597355273963,0.95,D,Safe,0.2149999999999999,Dem,0.3308259127707708,b'Perlmutter'
CT-1,-0.231,0.2769999999999999,0.2558218428540161,0.2779729974579272,0.95,D,Safe,0.291,Dem,0.2824012352004532,b'Larson'
CT-2,-0.029,0.1329999999999999,0.2254335659981876,0.2532643415288874,0.96,D,Safe,0.2119999999999999,Dem,0.3325850605575571,b'Courtney'
CT-3,-0.155,0.263,0.2499417182568023,0.3185007107877374,0.96,D,Safe,0.187,Dem,0.219311609836612,b'DeLauro'
CT-4,-0.23,0.111,0.2378043250341918,0.1720322041403688,0.98,D,Safe,0.262,Dem,0.2832739790810019,b'Himes'
CT-5,-0.041,0.082,0.1025441137351107,0.0807335840857917,0.96,D,Safe,0.116,Dem,0.1594059664522689,b'Hayes'
DE-AL,-0.115,0.186,0.2890793990990454,0.2423381771938764,0.98,D,Safe,0.174,Dem,0.2909633940720097,b'Blunt Rochester'
FL-1,0.3929999999999999,-0.384,-0.3411727483653237,-0.4039199649345278,0.93,R,Safe,-0.3059999999999999,Rep,0.8953404418487549,b'Gaetz'
FL-2,0.356,-0.3059999999999999,-0.3488266659448926,-0.1914805897067649,0.92,R,Safe,-0.926,Rep,0.7022259653094648,b'Dunn'
FL-3,0.16,-0.147,-0.1524848611401127,-0.2424502844212166,0.9,R,Safe,-0.142,Rep,0.7872949694299718,b'Yoho'
FL-4,0.28,-0.3329999999999999,-0.3280506965264171,-0.5743302800128899,0.97,R,Safe,-0.2219999999999999,Rep,0.7785953597623896,b'Rutherford'
FL-5,-0.254,0.282,0.3356243942499057,0.3437014822850157,0.87,D,Safe,0.3019999999999999,Dem,0.2653967767922264,b'Lawson'
FL-6,0.17,-0.056,-0.1262794133955144,-0.1732461284480077,0.93,R,Safe,-0.213,Rep,0.7025162939336933,b'Waltz'
FL-7,-0.0729999999999999,0.0,0.1538383984776212,-0.076338075553267,0.9,D,Safe,0.1209999999999998,Dem,0.4064118288500619,b'Murphy'
FL-8,0.2069999999999999,-0.145,-0.2099620832836375,-0.2615508465629319,0.92,R,Safe,-0.2279999999999999,Rep,0.8171694320040108,b'Posey'
FL-9,-0.1289999999999999,0.122,0.1604349979948574,0.1672815139195306,0.97,D,Safe,0.121,Dem,0.2113216969662516,b'Soto'
FL-10,-0.2689999999999999,0.223,1.0,0.2579182435637078,0.96,D,Safe,0.273,Dem,0.2117822692749071,b'Demings'
FL-11,0.3229999999999999,-0.194,-0.3029664821798827,-0.3158502102168531,0.93,R,Safe,-0.3340000000000001,Rep,0.6536320003331082,b'Webster'
FL-12,0.186,-0.075,-0.184283914271553,-0.4653758365808184,0.96,R,Safe,-0.258,Rep,0.7537110157015621,b'Bilirakis'
FL-13,-0.032,0.107,0.152894113341599,-0.1781588215929463,0.9,D,Safe,0.061,Dem,0.3166974628517845,b'Crist'
FL-14,-0.182,0.1639999999999999,1.0,0.6601831854966074,0.91,D,Safe,0.2059999999999999,Dem,0.2043073905674135,b'Castor'
FL-15,0.1,-0.056,-0.0604065393721194,-0.3538141485298978,0.94,R,Vulnerable,-0.1079999999999999,Rep,0.7692620495816866,b'Spano'
FL-16,0.107,-0.086,-0.0912290783708067,-0.1476007222297493,0.98,R,Safe,-0.11,Rep,0.541036900487224,b'Buchanan'
FL-17,0.272,-0.163,-0.245175834084761,-0.239549474584941,0.94,R,Safe,-0.3049999999999999,Rep,0.8240149193464387,b'Steube'
FL-18,0.0919999999999999,-0.0369999999999999,-0.0860237353187736,0.0025397621280646,0.94,R,Safe,-0.1479999999999999,Rep,0.6901355528455565,b'Mast'
FL-19,0.221,-0.2179999999999999,-0.2454572491144175,-0.2857264797924385,0.94,R,Safe,-0.2249999999999999,Rep,0.5933281053754351,b'Rooney'
FL-20,-0.621,0.654,0.9991864868062952,0.779125379964044,0.9,D,Safe,0.5740000000000001,Dem,0.1527088625834786,b'Hastings'
FL-21,-0.195,0.215,1.0,0.7624697054818239,0.93,D,Safe,0.1989999999999999,Dem,0.275667117169464,b'Frankel'
FL-22,-0.1579999999999999,0.1329999999999999,0.2404739269625742,0.168095818115202,0.91,D,Safe,0.172,Dem,0.2933573154665158,b'Deutch'
FL-23,-0.261,0.2339999999999999,0.2249372209316631,0.2292028722193578,0.91,D,Safe,0.1629999999999999,Dem,0.1773517966925443,b'Wasserman Schultz'
FL-24,-0.675,0.718,1.0,0.6900255472991902,0.98,D,Safe,0.536,Dem,0.1055850395942698,b'Wilson'
FL-25,0.018,-0.096,-0.2090676313749442,-0.5531839283516216,0.0,R,Safe,-1.0,Rep,0.611850827330129,b'Diaz-Balart'
FL-26,-0.1629999999999999,0.115,0.0174923027922284,-0.0058441879303335,0.95,D,Vulnerable,-0.034,Rep,0.2278335203478496,b'Mucarsel-Powell'
FL-27,-0.196,0.067,0.0599993665523821,-0.3175436560089921,0.93,D,Safe,-0.027,Rep,0.24847041202921,b'Shalala'
GA-1,0.155,-0.1289999999999999,-0.1547731597276241,-0.4071229331050552,0.94,R,Safe,-0.1679999999999999,Rep,0.7130058670838739,b'Carter'
GA-2,-0.117,0.178,0.1929868962477801,0.2190876985036697,0.85,D,Safe,0.182,Dem,0.3747662292520845,b'Bishop'
GA-3,0.315,-0.329,-0.3105260643126761,-0.6693645059491067,0.92,R,Safe,-0.3,Rep,0.6549992225075774,b'Ferguson'
GA-4,-0.5309999999999999,0.4799999999999999,0.5769383918091195,0.6405029365004338,0.9,D,Safe,0.602,Dem,0.1658593287778864,b'Johnson'
GA-5,-0.731,0.6729999999999999,1.0,0.8441610330936391,0.89,D,Safe,0.702,Dem,0.1802140705419277,b'Lewis'
GA-6,0.015,-0.2329999999999999,0.010296075252197,-0.2085702075958059,0.92,D,Safe,0.092,Dem,0.3101496752061887,b'McBath'
GA-7,0.063,-0.219,-0.0014940754026693,-0.1900265582313444,0.97,R,Vulnerable,0.028,Dem,0.4635723090293358,b'Woodall'
GA-8,0.289,-0.241,-1.0,-0.8379858508890164,0.91,R,Safe,-0.2929999999999999,Rep,0.6641190224293307,b'Scott'
GA-9,0.585,-0.576,-0.5901094584408277,-0.6818220258641554,0.97,R,Safe,-0.572,Rep,0.5747270781549315,b'Collins'
GA-10,0.255,-0.262,-0.2578393644606669,-0.6459521178043197,0.93,R,Safe,-0.246,Rep,0.8693609468694953,b'Hice'
GA-11,0.25,-0.354,-0.2358279126682552,-0.4887523004297503,0.96,R,Safe,-0.2079999999999999,Rep,0.7137914766500048,b'Loudermilk'
GA-12,0.1619999999999999,-0.1179999999999999,-0.1895612182570891,-0.1106605150445716,0.9,R,Safe,-0.1679999999999999,Rep,0.7815336398412744,b'Allen'
GA-13,-0.444,0.392,0.5236875975105575,0.7396443453707202,0.93,D,Safe,0.548,Dem,0.2957175112687464,b'Scott'
GA-14,0.529,-0.479,-0.5300360432519022,-0.7473649362117127,0.99,R,Safe,-0.495,Rep,0.5854302146874838,b'Graves'
HI-1,-0.326,0.407,0.5002524279223282,0.2736049915407384,0.97,D,Safe,0.4399999999999999,Dem,0.2780426463980139,b'Case'
HI-2,-0.3179999999999999,0.447,0.547246379737635,0.573385316385379,0.99,D,Safe,0.321,Dem,0.3056989252429375,b'Gabbard'
IA-1,0.035,0.137,0.0505620162576329,0.0261160096648644,0.9,D,Vulnerable,-0.0259999999999999,Rep,0.4235221217437263,b'Finkenauer'
IA-2,0.041,0.1309999999999999,0.1219476340068964,0.0946527336080697,0.89,D,Vulnerable,0.0,Tie,0.4256938352466298,b'Loebsack'
IA-3,0.035,0.0419999999999999,0.0216398449364334,-0.0768136024015464,0.95,D,Vulnerable,0.0139999999999999,Dem,0.5043047673654196,b'Axne'
IA-4,0.2739999999999999,-0.081,-0.0332959830934299,-0.1434432880633903,0.86,R,Safe,-0.242,Rep,0.7660430870648315,b'King'
ID-1,0.383,-0.327,-0.3199203983889243,-0.3263980375705354,1.0,R,Safe,-0.39,Rep,0.5883985723747671,b'Fulcher'
ID-2,0.247,-0.3099999999999999,-0.2134043576633233,-0.2697514310352078,0.98,R,Safe,-0.31,Rep,0.5161185201299008,b'Simpson'
IL-1,-0.54,0.5870000000000001,0.5374488628652306,0.4893941541434375,0.77,D,Safe,0.448,Dem,0.1874554758161163,b'Rush'
IL-2,-0.589,0.622,0.6211110686033217,0.5470327283809208,0.78,D,Safe,0.55,Dem,0.2313614986689691,b'Kelly'
IL-3,-0.153,0.1329999999999999,0.4709000868654123,0.5328517241952611,0.82,D,Safe,0.09,Dem,0.3938206647606239,b'Lipinski'
IL-4,-0.689,0.638,0.731703060972748,0.738677120232708,0.79,D,Safe,0.6659999999999999,Dem,0.083132613176245,b'Garc\xc3\xada'
IL-5,-0.466,0.342,0.5332908204391487,0.4086261641660613,0.8,D,Safe,0.4009999999999999,Dem,0.2503395864336995,b'Quigley'
IL-6,-0.07,-0.0819999999999999,0.0715051070547732,-0.160027322934579,0.94,D,Safe,0.063,Dem,0.2453531091719252,b'Casten'
IL-7,-0.782,0.754,0.7523015882684989,0.7188864734840615,0.73,D,Safe,0.672,Dem,0.2201075343791,b'Davis'
IL-8,-0.217,0.165,0.3194945390535035,0.1737908637152412,0.88,D,Safe,0.721,Dem,0.3120232145429415,b'Krishnamoorthi'
IL-9,-0.4519999999999999,0.317,0.4697245747388505,0.3618314120829788,0.76,D,Safe,0.3759999999999999,Dem,0.0282623092162234,b'Schakowsky'
IL-10,-0.294,0.1639999999999999,0.3118023665068883,0.0876319254889314,0.83,D,Safe,0.248,Dem,0.3377523169242551,b'Schneider'
IL-11,-0.235,0.1719999999999999,0.2768160165082431,0.1815969741780649,0.94,D,Safe,0.262,Dem,0.2996319635867131,b'Foster'
IL-12,0.1479999999999999,0.016,-0.0617871631051107,-0.0561192000811654,0.89,R,Safe,-0.2099999999999999,Rep,0.7298076355186468,b'Bost'
IL-13,0.055,-0.0029999999999999,-0.0075946284056815,-0.0943539540106288,0.9,R,Vulnerable,-0.094,Rep,0.7195606314489862,b'Davis'
IL-14,0.039,-0.1,0.0500371804750352,-0.1551733747739769,0.98,D,Safe,0.002,Dem,0.2874877361772599,b'Underwood'
IL-15,0.462,-0.298,-0.4185510625645519,-0.5722839982974167,0.89,R,Safe,-0.434,Rep,0.6094690696409003,b'Shimkus'
IL-16,0.172,-0.0769999999999999,-0.1824880289260236,-0.4576727092442343,0.94,R,Safe,-0.301,Rep,0.6420655460152763,b'Kinzinger'
IL-17,0.0069999999999999,0.17,0.2418682997532089,0.1557067341051835,0.91,D,Vulnerable,0.0379999999999999,Dem,0.3426124094224254,b'Bustos'
IL-18,0.273,-0.233,-0.3446689063288186,-0.4412546777317361,0.94,R,Safe,-0.41,Rep,0.7117680565312023,b'LaHood'
IN-1,-0.126,0.238,0.3018527052432823,0.4281685885721857,0.96,D,Safe,0.161,Dem,0.3311291208556533,b'Visclosky'
IN-2,0.2319999999999999,-0.14,-0.0967106326647414,-0.1352451982001001,0.95,R,Safe,-0.2279999999999999,Rep,0.7477125588814096,b'Walorski'
IN-3,0.3499999999999999,-0.2679999999999999,-0.2945258759372315,-0.3743093077218056,0.91,R,Safe,-0.3959999999999999,Rep,0.7958462654835964,b'Banks'
IN-4,0.3409999999999999,-0.24,-0.2812005090787066,-0.3094478145274149,0.99,R,Safe,-0.3319999999999999,Rep,0.6837458187131722,b'Baird'
IN-5,0.118,-0.1679999999999999,-0.1352336392613588,-0.2396158552750089,1.0,R,Vulnerable,-0.041,Rep,0.6589767457464144,b'Brooks'
IN-6,0.403,-0.231,-0.3095653756732829,-0.3347507620430017,0.96,R,Safe,-0.4100000000000001,Rep,0.6130998561479657,b'Pence'
IN-7,-0.2279999999999999,0.276,0.2972573025239435,0.2317006342460746,0.94,D,Safe,0.248,Dem,0.1689125584621408,b'Carson'
IN-8,0.3369999999999999,-0.1879999999999999,-0.2885943403563782,-0.2391249090223863,0.95,R,Safe,-0.372,Rep,0.6936464198400666,b'Bucshon'
IN-9,0.2689999999999999,-0.165,-0.1296464856777503,-0.1651155742255574,0.98,R,Safe,-0.2769999999999999,Rep,0.5329527405521386,b'Hollingsworth'
KS-1,0.45,-0.4249999999999999,-0.3629095441595442,-0.5953064698625758,0.97,R,Safe,-0.43,Rep,0.8329486548334967,b'Marshall'
KS-2,0.184,-0.1319999999999999,-0.0084590158979628,-0.1648531242059643,0.99,R,Safe,-0.1379999999999999,Rep,0.8167146851839765,b'Watkins'
KS-3,-0.012,-0.095,0.0966255211262296,-0.2238354208704615,1.0,D,Safe,0.096,Dem,0.3607239083533225,b'Davids'
KS-4,0.272,-0.255,-0.1887281462588537,-0.2847370975175342,1.0,R,Safe,-0.28,Rep,0.6795226922923339,b'Estes'
KY-1,0.4850000000000001,-0.343,-0.3717611626350511,-0.4198063460126249,0.87,R,Safe,-0.5,Rep,0.6763517291161255,b'Comer'
KY-2,0.3989999999999999,-0.282,-0.3564708853873205,-0.5164986059003869,0.91,R,Safe,-0.4469999999999999,Rep,0.6648427822499109,b'Guthrie'
KY-3,-0.15,0.129,0.2549942594718714,0.2746140643988446,0.89,D,Safe,0.254,Dem,0.250523025722173,b'Yarmuth'
KY-4,0.359,-0.286,-0.2765725024063068,-0.3322650076104411,0.95,R,Safe,-0.3440000000000001,Rep,0.5216458791234009,b'Massie'
KY-5,0.621,-0.518,-0.5788677029772907,-0.6754698945897387,0.88,R,Safe,-0.6799999999999999,Rep,0.5114675156170513,b'Rogers'
KY-6,0.153,-0.1359999999999999,-0.0321306885713531,-0.1231753518014713,0.94,R,Safe,-0.169,Rep,0.7407912614719729,b'Barr'
LA-1,0.42,-0.44,-0.5505690151304186,-0.5740128157286599,0.94,R,Safe,-0.469,Rep,0.5834192318378166,b'Scalise'
LA-2,-0.5239999999999999,0.53,0.8059174004796976,0.6517343460991363,0.86,D,Safe,0.486,Dem,0.2422603683218625,b'Richmond'
LA-3,0.3809999999999999,-0.3379999999999999,-0.3787340969248973,-0.3928252456621546,0.89,R,Safe,-0.4989999999999999,Rep,0.6553905442113622,b'Higgins'
LA-4,0.24,-0.1929999999999999,-0.306134494079457,-0.4863090516943409,0.85,R,Safe,-0.349,Rep,0.7356553569458106,b'Johnson'
LA-5,0.294,-0.2329999999999999,-0.3657131629946505,-0.5356422191009489,0.84,R,Safe,-0.167,Rep,0.7741494336572406,b'Abraham'
LA-6,0.3379999999999999,-0.3409999999999999,-0.4895782515594451,-0.4819176212811894,0.94,R,Safe,-0.4549999999999999,Rep,0.5907604724385381,b'Graves'
MA-1,-0.207,0.297,0.976440756108806,0.79180217763243,0.74,D,Safe,0.961,Dem,0.3133386132088306,b'Neal'
MA-2,-0.194,0.195,0.3437817004980817,0.6445261293918662,0.89,D,Safe,0.33,Dem,0.1119868844489839,b'McGovern'
MA-3,-0.228,0.155,0.2854360659728561,0.2999471481523775,0.72,D,Safe,0.971,Dem,0.2608579850854849,b'Trahan'
MA-4,-0.242,0.159,0.9771847212926666,0.5824666760933594,0.85,D,Safe,0.1859999999999999,Dem,0.2001304381536722,b'Kennedy'
MA-5,-0.4359999999999999,0.321,0.5183892022458918,0.6121462239355813,0.89,D,Safe,0.477,Dem,0.2013050973250349,b'Clark'
MA-6,-0.179,0.108,0.3380642263642489,0.306801135752674,0.92,D,Safe,0.305,Dem,0.3136380376124782,b'Moulton'
MA-7,-0.7219999999999999,0.669,0.9825235582616112,0.8368081723257669,0.49,D,Safe,0.853,Dem,0.0611711583893292,b'Pressley'
MA-8,-0.26,0.17,0.9842465259184148,0.6661568802045266,0.68,D,Safe,0.7959999999999999,Dem,0.2558315927182105,b'Lynch'
MA-9,-0.107,0.1239999999999999,0.1879553481020474,0.1854026828295305,0.95,D,Safe,0.247,Dem,0.2960457304492562,b'Keating'
MD-1,0.286,-0.2269999999999999,-0.2189611017469588,-0.3428545842561702,0.88,R,Safe,-0.296,Rep,0.7645648812042094,b'Harris'
MD-2,-0.244,0.281,0.353013399025669,0.3104799523168731,0.77,D,Safe,0.3159999999999999,Dem,0.3889073553151521,b'Ruppersberger'
MD-3,-0.305,0.236,0.4084710461622507,0.3167013958908954,0.81,D,Safe,0.378,Dem,0.2357247159899052,b'Sarbanes'
MD-4,-0.575,0.573,0.5819988606873853,0.5230284637837994,0.83,D,Safe,0.5840000000000001,Dem,0.2451392414614338,b'Brown'
MD-5,-0.3199999999999999,0.3369999999999999,0.4320549359157684,0.378010782700499,0.84,D,Safe,0.3419999999999999,Dem,0.3129060050750559,b'Hoyer'
MD-6,-0.1509999999999999,0.124,0.2099005682843877,0.1479726909192389,0.77,D,Safe,0.127,Dem,0.3211913498772702,b'Trone'
MD-8,-0.344,0.26,0.379400620048226,0.2911064475710085,0.76,D,Safe,0.298,Dem,0.1207407844118528,b'Raskin'
ME-1,-0.148,0.214,0.2631375839416698,0.2467138694131997,0.77,D,Safe,0.2059999999999999,Dem,0.2587566091310801,b'Pingree'
ME-2,0.1029999999999999,0.086,0.0103244470823219,0.0061161035451468,0.79,D,Safe,0.076,Dem,0.4447281562709045,b'Golden'
MI-1,0.2129999999999999,-0.083,-0.1263319669049645,-0.0871653296147581,0.96,R,Safe,-0.243,Rep,0.6399192473621486,b'Bergman'
MI-2,0.1759999999999999,-0.1289999999999999,-0.1234715824829847,-0.2493378591682105,0.98,R,Safe,-0.21,Rep,0.6972047687593821,b'Huizenga'
MI-3,0.0939999999999999,-0.073,-0.1123833429877067,-0.1513281055844151,0.96,R,Vulnerable,-0.06,Rep,0.3998369664300753,b'Amash'
MI-4,0.2479999999999999,-0.08,-0.2524820206981231,-0.2543001521942182,0.96,R,Safe,-0.3279999999999999,Rep,0.7166754095787596,b'Moolenaar'
MI-5,-0.042,0.224,0.236012777980775,0.2967440259898085,0.93,D,Safe,0.128,Dem,0.3020960005630546,b'Kildee'
MI-6,0.0839999999999999,-0.014,-0.0455087616464125,-0.1356865479379086,0.95,R,Vulnerable,-0.1569999999999999,Rep,0.5547415352617072,b'Upton'
MI-7,0.17,-0.031,-0.0759167626923337,-0.1130558101468702,0.96,R,Safe,-0.1740000000000001,Rep,0.663567433141551,b'Walberg'
MI-8,0.067,-0.031,0.0383438770700804,-0.1171693075696665,0.96,D,Vulnerable,0.036,Dem,0.3822280554660162,b'Slotkin'
MI-9,-0.0779999999999999,0.153,0.2285602650354771,0.2389185869777202,0.95,D,Safe,0.195,Dem,0.1750415991905976,b'Levin'
MI-10,0.3219999999999999,-0.1159999999999999,-0.2532369400522662,-0.3362506198983836,0.96,R,Safe,-0.3259999999999999,Rep,0.7713371833149044,b'Mitchell'
MI-11,0.044,-0.0539999999999999,0.066825115915885,-0.0697407656295455,0.96,D,Vulnerable,0.024,Dem,0.3541564607435227,b'Stevens'
MI-12,-0.2629999999999999,0.3340000000000001,0.3919281263152179,0.3673643776705519,0.95,D,Safe,0.357,Dem,0.2036874660260939,b'Dingell'
MI-13,-0.607,0.7090000000000001,0.8423629259446049,0.6948534219335079,0.9,D,Safe,0.591,Dem,0.0812851094156284,b'Tlaib'
MI-14,-0.6090000000000001,0.624,0.6356181649395835,0.6203028002442793,0.88,D,Safe,0.6020000000000001,Dem,0.1783805653997481,b'Lawrence'
MN-1,0.149,0.0139999999999999,-0.0045086590253753,0.0600642557827044,0.92,R,Vulnerable,-0.0299999999999999,Rep,0.7081023856350595,b'Hagedorn'
MN-2,0.012,0.001,0.0550762202338682,-0.0540470949967599,0.95,D,Safe,0.022,Dem,0.3945230609740754,b'Craig'
MN-3,-0.0939999999999999,0.008,0.1142055617682697,-0.1073156797892793,0.95,D,Safe,0.112,Dem,0.525463618106058,b'Phillips'
MN-4,-0.309,0.27,0.3624860778907776,0.2966777864163905,0.91,D,Safe,0.3419999999999999,Dem,0.1700084516182727,b'McCollum'
MN-5,-0.552,0.495,0.5628615031541423,0.4978538542990276,0.92,D,Safe,0.386,Dem,0.0740984658006229,b'Omar'
MN-6,0.2569999999999999,-0.15,-0.2236084452975048,-0.1819539235313272,0.96,R,Safe,-0.3119999999999999,Rep,0.7297767678217877,b'Emmer'
MN-7,0.308,-0.0979999999999999,0.0426416206941873,0.1084331447123806,0.89,D,Vulnerable,-0.1319999999999999,Rep,0.6209494432503652,b'Peterson'
MN-8,0.156,0.055,-0.0554213569862289,0.0132939197770071,0.93,R,Safe,-0.1919999999999999,Rep,0.6925996936626357,b'Stauber'
MO-1,-0.5820000000000001,0.6100000000000001,0.633855125284738,0.5777347193395634,0.88,D,Safe,0.599,Dem,0.249351498094307,b'Clay'
MO-2,0.103,-0.157,-0.0395302952141379,-0.1983040271082986,0.95,R,Vulnerable,-0.066,Rep,0.7415848981832671,b'Wagner'
MO-3,0.3899999999999999,-0.259,-0.3224011731072555,-0.3598993186083635,0.97,R,Safe,-0.4090000000000001,Rep,0.7597085575081686,b'Luetkemeyer'
MO-4,0.36,-0.248,-0.3210530622264043,-0.3465841695524321,0.96,R,Safe,-0.3789999999999999,Rep,0.8933891134401392,b'Hartzler'
MO-5,-0.135,0.195,0.2605845974945822,0.1923993776388712,0.96,D,Safe,0.2,Dem,0.2381001810187147,b'Cleaver'
MO-6,0.314,-0.221,-0.3344236744824154,-0.356639335391467,0.99,R,Safe,-0.3569999999999999,Rep,0.5969893303853142,b'Graves'
MO-7,0.457,-0.373,-0.3614477745357643,-0.3596995380861431,1.0,R,Safe,-0.427,Rep,0.7314378444107463,b'Long'
MO-8,0.544,-0.3390000000000001,-0.4837045525890794,-0.4745371505160045,0.94,R,Safe,-0.555,Rep,0.6770074814270214,b'Smith'
MS-1,0.33,-0.249,-0.3451871081214775,-0.3444750067551204,0.9,R,Safe,-0.389,Rep,0.7110049723998816,b'Kelly'
MS-2,-0.285,0.3340000000000001,0.7178684518405088,0.5341209666444504,0.78,D,Safe,0.28,Dem,0.1761941832389574,b'Thompson'
MS-3,0.245,-0.209,-0.2558508343342234,-0.4560046686400763,0.82,R,Safe,-0.3019999999999999,Rep,0.6618256277056832,b'Guest'
MS-4,0.412,-0.3639999999999999,-0.3747608746178464,-0.3888929014344904,0.84,R,Safe,-0.96,Rep,0.6702878346886316,b'Palazzo'
MT-AL,0.206,-0.1369999999999999,-0.0463442243681369,-0.1145153743848594,1.0,R,Vulnerable,-0.1159999999999999,Rep,0.7425807544881282,b'Gianforte'
NC-1,-0.37,0.3689999999999999,0.3969524158797102,0.4464430020455988,0.77,D,Safe,0.082,Dem,0.2691014932448407,b'Butterfield'
NC-2,0.096,-0.13,-0.054551648457661,-0.1275156558962084,0.98,R,Vulnerable,0.282,Dem,0.6294482684353584,b'Holding'
NC-3,0.236,-0.179,-1.0,-0.4906094324313663,0.87,R,Safe,-0.268,Rep,0.5453791629644397,b'Murphy'
NC-4,-0.4,0.303,0.4833437316016555,0.4580342082516281,0.94,D,Safe,0.3459999999999999,Dem,0.2690676062091865,b'Price'
NC-5,0.176,-0.142,-0.1406958289494801,-0.170005980848355,0.85,R,Safe,-0.36,Rep,0.523955379830517,b'Foxx'
NC-6,0.147,-0.1269999999999999,-0.1303207202138134,-0.1767105923075521,0.89,R,Vulnerable,0.246,Dem,0.7383693135415259,b'Walker'
NC-7,0.177,-0.1269999999999999,-0.1274157669528747,-0.1415402589573032,0.96,R,Safe,-0.212,Rep,0.7821838712596338,b'Rouzer'
NC-8,0.15,-0.103,-0.1067740029195252,-0.1643563187618851,0.9,R,Vulnerable,-0.0659999999999998,Rep,0.7594477329084242,b'Hudson'
NC-9,0.116,-0.116,-0.0032010809395968,-0.2917977291054901,0.92,R,Vulnerable,-0.11,Rep,0.4735650181421087,b'Bishop'
NC-10,0.246,-0.181,-0.185854766594304,-0.2021900927630588,0.92,R,Safe,-0.3799999999999999,Rep,0.5343902545210354,b'McHenry'
NC-11,0.292,-0.205,-0.2045592118829532,-0.2231993677271286,0.98,R,Vulnerable,-0.121,Rep,1.0,b'Meadows'
NC-12,-0.4000000000000001,0.365,0.461456340591392,0.4753900705253416,0.79,D,Safe,1.0,Dem,0.2083013737465819,b'Adams'
NC-13,0.0939999999999999,-0.0679999999999999,-0.0599617206163818,-0.1160304008300189,0.69,R,Safe,-0.3659999999999999,Rep,0.884611345391889,b'Budd'
ND-AL,0.3639999999999999,-0.198,-0.2462927484667155,-0.2506586874200507,0.9,R,Safe,-0.4139999999999999,Rep,0.6209136608510636,b'Armstrong'
NE-1,0.2129999999999999,-0.167,-0.2071845677461123,-0.3345902848802664,1.0,R,Safe,-0.2189999999999999,Rep,0.6698499369569914,b'Fortenberry'
NE-2,0.022,-0.0709999999999999,-0.0199005976215868,-0.003626900556413,1.0,R,Vulnerable,-0.0479999999999999,Rep,0.7554024573434821,b'Bacon'
NE-3,0.549,-0.424,-0.5344297340884372,-0.6314027099731854,0.95,R,Safe,-0.6080000000000001,Rep,0.6655263273202042,b'Smith'
NH-1,0.016,0.016,0.0855143125148175,0.0251411001207085,0.92,D,Safe,0.0519999999999999,Dem,0.3407157874149266,b'Pappas'
NH-2,-0.0239999999999999,0.097,0.1335978977851665,0.0815751461318267,0.91,D,Safe,0.1109999999999998,Dem,0.3634586751562895,b'Kuster'
NJ-1,-0.245,0.3129999999999999,0.3113340773978998,0.2764285573505277,0.84,D,Safe,0.262,Dem,0.3404460242448169,b'Norcross'
NJ-2,0.046,0.081,0.0767099004114365,-0.1397088523670138,0.89,R,Vulnerable,-0.057,Rep,0.5544167325059826,b'Van Drew'
NJ-3,0.0619999999999999,0.0459999999999999,0.0129466395112016,-0.0941199599476758,0.89,D,Safe,0.081,Dem,0.4031881697030428,b'Kim'
NJ-4,0.1479999999999999,-0.095,-0.1233200157636539,-0.2695640611373137,0.91,R,Safe,-0.2089999999999999,Rep,0.5682179485196049,b'Smith'
NJ-5,0.0109999999999999,-0.03,0.1368053461797146,-0.0157543002438553,0.9,D,Safe,0.099,Dem,0.6174665744277396,b'Gottheimer'
NJ-6,-0.156,0.24,0.272650828454531,0.2631180541851587,0.74,D,Safe,0.246,Dem,0.188811651089567,b'Pallone'
NJ-7,-0.011,-0.062,0.0501948925147641,-0.1088603890903534,0.82,D,Vulnerable,0.042,Dem,0.3113822315209387,b'Malinowski'
NJ-8,-0.542,0.575,0.5940243068000391,0.5883002842155931,0.62,D,Safe,0.5449999999999999,Dem,0.2691895910461006,b'Sires'
NJ-9,-0.3119999999999999,0.3760000000000001,0.414028820054287,0.4261003779118993,0.79,D,Safe,0.34,Dem,0.2816309218638118,b'Pascrell'
NJ-10,-0.7240000000000001,0.764,0.77469411817605,0.7525924476057576,0.68,D,Safe,0.729,Dem,0.2074733010052932,b'Payne'
NJ-11,0.0089999999999999,-0.0579999999999999,0.1463714637146371,-0.1211916422568463,0.74,D,Safe,0.122,Dem,0.4047718415622358,b'Sherrill'
NJ-12,-0.332,0.341,0.3736225854383357,0.3309488531540562,0.74,D,Safe,0.3779999999999999,Dem,0.0598680360750056,b'Watson Coleman'
NM-1,-0.165,0.1569999999999999,0.2280805259228935,0.2214101210756996,0.8,D,Safe,0.1999999999999999,Dem,0.0746277473873034,b'Haaland'
NM-2,0.102,-0.068,0.0186794876942225,-0.1767343606947107,0.96,D,Vulnerable,-0.078,Rep,0.4348950234987038,b'Torres Small'
NM-3,-0.1509999999999999,0.1879999999999999,0.3216670137570285,0.2658107516613285,0.26,D,Safe,0.1499999999999999,Dem,0.2309154057209181,b'Luj\xc3\xa1n'
NV-1,-0.29,0.3319999999999999,0.3530134493203067,0.2985518631245906,0.84,D,Safe,0.29,Dem,0.2435028930895534,b'Titus'
NV-2,0.1229999999999999,-0.081,-0.1646153364610467,-0.2425402176438225,0.92,R,Safe,-0.1559999999999999,Rep,0.590519639117078,b'Amodei'
NV-3,0.01,0.0079999999999999,0.0906285818120823,-0.0544698389974048,0.97,D,Vulnerable,0.038,Dem,0.3850564637111578,b'Lee'
NV-4,-0.0489999999999999,0.1069999999999999,0.0818076536607796,0.0435505696207538,0.91,D,Safe,0.049,Dem,0.2426286812701298,b'Horsford'
NY-1,0.1229999999999999,0.005,0.0098165915579534,-0.0097137127739615,0.76,R,Vulnerable,-0.2259999999999999,Rep,0.6428337261004612,b'Zeldin'
NY-2,0.091,0.0439999999999999,-0.01559591571075,-0.1277351720059231,0.78,R,Vulnerable,-0.1649999999999999,Rep,0.5564640054863654,b'King'
NY-3,-0.061,0.0259999999999999,0.1917944147800884,0.138795787634219,0.71,D,Safe,-0.015,Rep,0.3488096794196622,b'Suozzi'
NY-4,-0.096,0.135,0.2552669807767692,0.1944573882009608,0.76,D,Safe,0.047,Dem,0.3722398211242448,b'Rice'
NY-5,-0.73,0.815,0.9939865362820568,0.7875778414552803,0.67,D,Safe,1.0,Dem,0.1645190000633872,b'Meeks'
NY-6,-0.3299999999999999,0.368,0.845018270796704,0.5569252423760704,0.74,D,Safe,0.252,Dem,0.1828972663386293,b'Meng'
NY-7,-0.765,0.7810000000000001,0.8526592160303111,0.7317272124712162,0.76,D,Safe,0.6689999999999999,Dem,0.1672650056346388,b'Vel\xc3\xa1zquez'
NY-8,-0.711,0.792,0.8918550689836976,0.7777187691323124,0.75,D,Safe,0.6519999999999999,Dem,0.2424811462620304,b'Jeffries'
NY-9,-0.691,0.715,0.7303353111496733,0.7153873753089854,0.74,D,Safe,0.6389999999999999,Dem,0.0870647921833836,b'Clarke'
NY-10,-0.595,0.4859999999999999,0.6088368300799211,0.5684655993823433,0.6,D,Safe,0.3849999999999999,Dem,0.1472597804012341,b'Nadler'
NY-11,0.098,0.043,0.0853918084226192,-0.0350567878335394,0.85,D,Vulnerable,-0.1579999999999999,Rep,0.4100013423198017,b'Rose'
NY-12,-0.698,0.554,0.6964192840156107,0.5773149352729665,0.57,D,Safe,0.5959999999999999,Dem,0.1609243404685926,b'Maloney'
NY-13,-0.8689999999999999,0.9,0.8485379258264809,0.7446761216766542,0.71,D,Safe,0.8180000000000001,Dem,0.0722268685415042,b'Espaillat'
NY-14,-0.5790000000000001,0.6240000000000001,0.6452791705617404,0.612636089720922,0.71,D,Safe,0.3819999999999999,Dem,0.0948386464006787,b'Ocasio-Cortez'
NY-15,-0.8889999999999999,0.937,0.9051259720541652,0.8543730861735064,0.74,D,Safe,0.764,Dem,0.1404162938222046,b'Serrano'
NY-16,-0.5259999999999999,0.482,0.9425107441261809,0.681838422821053,0.63,D,Safe,0.828,Dem,0.1989130853751561,b'Engel'
NY-17,-0.202,0.153,0.8250215382710572,0.449130562689211,0.71,D,Safe,0.143,Dem,0.2463161363184355,b'Lowey'
NY-18,0.0189999999999999,0.0429999999999999,0.1192856291469665,0.0823342158788016,0.77,D,Safe,0.0289999999999999,Dem,0.2915780195786221,b'Maloney'
NY-19,0.0679999999999999,0.062,0.0808303181404651,-0.0387539398024055,0.79,D,Safe,0.0269999999999999,Dem,0.3974660577549811,b'Delgado'
NY-20,-0.135,0.204,0.2716849489124633,0.2762908751255444,0.8,D,Safe,0.132,Dem,0.2448909600606789,b'Tonko'
NY-21,0.1389999999999999,0.061,-0.0979270360909094,-0.1147696609163111,0.83,R,Safe,-0.286,Rep,0.7167690935349965,b'Stefanik'
NY-22,0.155,-0.004,0.0233906023597598,-0.2033002300029422,0.79,D,Vulnerable,-0.11,Rep,0.5267813902814967,b'Brindisi'
NY-23,0.1479999999999999,-0.012,-0.0574438167189463,-0.087508251635491,0.79,R,Safe,-0.271,Rep,0.5471397906107909,b'Reed'
NY-24,-0.036,0.1589999999999999,0.0090756573517047,-0.0320498910531945,0.77,R,Vulnerable,-0.207,Rep,0.5393933983469207,b'Katko'
NY-25,-0.1639999999999999,0.1939999999999999,0.2096734784540204,0.1535654630968132,0.69,D,Safe,0.08,Dem,0.2664021232129824,b'Morelle'
NY-26,-0.196,0.296,0.4139372157649905,0.4171879077593484,0.76,D,Safe,0.344,Dem,0.276690015237123,b'Higgins'
OH-1,0.066,-0.061,-0.0441750783558402,-0.1735286441079774,0.89,R,Vulnerable,-0.074,Rep,0.8440249716013372,b'Chabot'
OH-2,0.1609999999999999,-0.11,-0.163573970952251,-0.244322459803343,0.88,R,Safe,-0.2159999999999999,Rep,0.6921996723060303,b'Wenstrup'
OH-3,-0.384,0.408,0.4724193986468134,0.3861401280093914,0.85,D,Safe,0.412,Dem,0.2589353474793047,b'Beatty'
OH-4,0.3359999999999999,-0.14,-0.3052815601872535,-0.3092495108845497,0.91,R,Safe,-0.386,Rep,0.6229593747001373,b'Jordan'
OH-5,0.251,-0.0979999999999999,-0.2711896677561641,-0.3114090610899074,0.9,R,Safe,-0.36,Rep,0.7671423635851771,b'Latta'
OH-6,0.4259999999999999,-0.125,-0.3850174355685598,-0.2650183379285945,0.89,R,Safe,-0.486,Rep,0.7446486694175178,b'Johnson'
OH-7,0.297,-0.095,-0.1748723398541355,-0.4133893542265372,0.91,R,Safe,-0.383,Rep,0.8224772891341645,b'Gibbs'
OH-8,0.3449999999999999,-0.255,-0.331520719326933,-0.5349776715221725,0.89,R,Safe,-0.3809999999999999,Rep,0.639345106585837,b'Davidson'
OH-9,-0.222,0.3669999999999999,0.3559113035005196,0.3963510068437583,0.85,D,Safe,0.26,Dem,0.2771046231568507,b'Kaptur'
OH-10,0.0729999999999999,-0.0189999999999999,-0.1376124319374143,-0.2521901820066556,0.88,R,Safe,-0.1699999999999999,Rep,0.7223387469130685,b'Turner'
OH-11,-0.635,0.662,0.6449054496130217,0.7097491385505484,0.78,D,Safe,0.6000000000000001,Dem,0.211743543553987,b'Fudge'
OH-12,0.113,-0.105,-0.0422248695290752,-0.2705853155261546,0.95,R,Safe,-0.1349999999999999,Rep,0.6904681747491677,b'Balderson'
OH-13,-0.065,0.275,0.2198989537335402,0.350048512778521,0.88,D,Safe,0.075,Dem,0.305799994797408,b'Ryan'
OH-14,0.115,-0.0329999999999999,-0.1049590379947813,-0.2031027830451836,0.92,R,Safe,-0.202,Rep,0.6175858140203754,b'Joyce'
OH-15,0.154,-0.056,-0.1862961329216292,-0.2653077571097829,0.91,R,Safe,-0.268,Rep,0.7042581666652941,b'Stivers'
OH-16,0.167,-0.0819999999999999,-0.1346234693537085,-0.1892260967768065,0.92,R,Safe,-0.244,Rep,0.6291821953782072,b'Gonzalez'
OK-1,0.287,-0.3159999999999999,-0.1859889165820729,-0.6250629747152805,0.96,R,Safe,-0.31,Rep,0.7422864515916832,b'Hern'
OK-2,0.5010000000000001,-0.3559999999999999,-0.3492097295395412,-0.3668830202480302,0.94,R,Safe,-0.53,Rep,0.6812791717507227,b'Mullin'
OK-3,0.5269999999999999,-0.478,-0.4774784782004999,-0.542210919959692,0.93,R,Safe,-0.5700000000000001,Rep,0.520630596313577,b'Lucas'
OK-4,0.374,-0.3419999999999999,-0.3006237375231366,-0.4001118305902205,0.94,R,Safe,-0.3899999999999999,Rep,0.75958464124252,b'Cole'
OK-5,0.134,-0.184,0.013968865082022,-0.1602638705277165,0.95,D,Vulnerable,-0.042,Rep,0.4740995203459695,b'Horn'
OR-1,-0.2279999999999999,0.1729999999999999,0.31590451728704,0.2590882003500445,1.0,D,Safe,0.294,Dem,0.203715833156112,b'Bonamici'
OR-2,0.201,-0.1629999999999999,-0.1689652273201901,-0.362086528673251,1.0,R,Safe,-0.2329999999999999,Rep,0.5337913916327782,b'Walden'
OR-3,-0.482,0.473,0.5277602868398182,0.5800704456434496,1.0,D,Safe,0.497,Dem,0.0816880113095434,b'Blumenauer'
OR-4,-0.001,0.067,0.1509709219534826,0.1799557892418118,1.0,D,Vulnerable,0.053,Dem,0.2711690549082156,b'DeFazio'
OR-5,-0.0419999999999999,0.0339999999999999,0.1319500430999612,0.1242518960109001,1.0,D,Safe,0.067,Dem,0.4156055830368191,b'Schrader'
PA-1,-0.02,0.016,-0.0251911776299431,0.4936384343532839,0.95,R,Vulnerable,-0.134,Rep,0.5972729886490109,b'Fitzpatrick'
PA-2,-0.4800000000000001,0.556,0.5803388420750364,0.7342676060602269,0.79,D,Safe,0.442,Dem,0.2907609924085714,b'Boyle'
PA-3,-0.8390000000000001,0.8410000000000001,0.8676155936583798,-0.120871933435058,0.82,D,Safe,0.8180000000000001,Dem,0.1953741429027569,b'Evans'
PA-4,-0.1929999999999999,0.133,0.2704487508671405,-0.1986445533082153,0.98,D,Safe,0.1879999999999999,Dem,0.2209412981319409,b'Dean'
PA-5,-0.282,0.2769999999999999,0.3037733743772849,-0.1424823670822191,0.9,D,Safe,0.29,Dem,0.2005506322071264,b'Scanlon'
PA-6,-0.093,0.032,0.1775183216931497,-0.0589701040764505,0.95,D,Safe,0.1179999999999999,Dem,0.3753922156476362,b'Houlahan'
PA-7,-0.011,0.07,0.1001895457359806,-0.1294704252823227,0.95,D,Safe,0.0359999999999999,Dem,0.2740005474714582,b'Wild'
PA-8,0.0959999999999999,0.1189999999999999,0.0928410821788641,-0.0914465060639407,0.93,D,Vulnerable,0.034,Dem,0.2978841801163084,b'Cartwright'
PA-9,0.34,-0.16,-0.1949125647278118,-0.2414150990031462,0.93,R,Safe,-0.328,Rep,0.6486663096237617,b'Meuser'
PA-10,0.0889999999999999,-0.066,-0.0264471726573962,-0.2798110634842654,0.94,R,Vulnerable,-0.068,Rep,0.7340313201494764,b'Perry'
PA-11,0.2579999999999999,-0.225,-0.1795204334543778,-0.2374761795296462,0.97,R,Safe,-0.264,Rep,0.6635345756575107,b'Smucker'
PA-12,0.3639999999999999,-0.247,-0.3207502296286577,-0.194061540483683,0.94,R,Safe,-0.418,Rep,0.5542533828621525,b'Keller'
PA-13,0.457,-0.3449999999999999,-0.4098457747980384,0.3285748326266702,0.97,R,Safe,-0.47,Rep,0.7400753857492202,b'Joyce'
PA-14,0.29,-0.1769999999999999,-0.1581069244215623,0.4667756523839586,0.94,R,Safe,-0.296,Rep,0.7432779589420568,b'Reschenthaler'
PA-15,0.433,-0.2689999999999999,-0.3568472566633274,-0.4238790195213787,0.95,R,Safe,-0.47,Rep,0.7293026416541419,b'Thompson'
PA-16,0.2,-0.048,-0.0428322078080458,-0.1159716263374235,0.92,R,Safe,-0.1879999999999999,Rep,0.7281604547314355,b'Kelly'
PA-17,0.026,-0.045,0.1251462778619014,0.1356530113968798,0.95,D,Safe,0.022,Dem,0.3934951496139609,b'Lamb'
PA-18,-0.275,0.283,1.0,-0.3197761403239562,0.88,D,Safe,0.3819999999999999,Dem,0.3200047375446409,b'Doyle'
RI-1,-0.256,0.34,0.336230418823205,0.2360353293781296,0.89,D,Safe,0.711,Dem,0.2076009173783312,b'Cicilline'
RI-2,-0.071,0.215,0.2721175519711643,0.2496742323424027,0.96,D,Safe,0.1619999999999999,Dem,0.2445269252017817,b'Langevin'
SC-1,0.131,-0.1809999999999999,0.0138536632884881,-0.3619431379389245,1.0,D,Vulnerable,-0.012,Rep,0.5238006788216719,b'Cunningham'
SC-2,0.1769999999999999,-0.197,-0.1378359564282353,-0.4073516969590844,0.96,R,Safe,-0.131,Rep,0.7196357793724847,b'Wilson'
SC-3,0.38,-0.306,-0.368216300330675,-0.3957237025656636,0.98,R,Safe,-0.424,Rep,0.8031319346811884,b'Duncan'
SC-4,0.257,-0.26,-0.2301250256200041,-0.4435544442355067,1.0,R,Safe,-0.248,Rep,0.6228375831600459,b'Timmons'
SC-5,0.185,-0.115,-0.1553952666958994,-0.1781639029970026,1.0,R,Safe,-0.202,Rep,0.9573068854999776,b'Norman'
SC-6,-0.365,0.428,0.4189398012914601,0.5623719963533108,0.91,D,Safe,0.374,Dem,0.2536331447455637,b'Clyburn'
SC-7,0.1889999999999999,-0.101,-0.1925119179809145,-0.1960009338990102,1.0,R,Safe,-0.236,Rep,0.6061066020192882,b'Rice'
SD-AL,0.298,-0.18,-0.2433295277386122,-0.2512431175216154,1.0,R,Safe,-0.81,Rep,0.6244500776092979,b'Johnson'
TN-1,0.57,-0.47,-0.5604417652776416,-0.6449569890323014,0.98,R,Safe,-0.524,Rep,0.8543110394402347,b'Roe'
TN-2,0.3539999999999999,-0.364,-0.3287936704128423,-0.4698339435413472,1.0,R,Safe,-0.367,Rep,0.6305730810510377,b'Burchett'
TN-3,0.352,-0.282,-0.2920716945049132,-0.3012805095216896,0.99,R,Safe,-0.3679999999999999,Rep,0.6648079419405973,b'Fleischmann'
TN-4,0.412,-0.3219999999999999,-0.2979466640281177,-0.2359581073693257,1.0,R,Safe,-0.3340000000000001,Rep,0.7393899737945139,b'DesJarlais'
TN-5,-0.1829999999999999,0.1339999999999999,0.3569369451816601,0.2996852456459511,0.9,D,Safe,1.0,Dem,0.3393166826458218,b'Cooper'
TN-6,0.4889999999999999,-0.3959999999999999,-0.4118356516844897,-0.5375705015087051,1.0,R,Safe,-0.497,Rep,0.5733075855143996,b'Rose'
TN-7,0.3929999999999999,-0.328,-0.3475454431096295,-0.4343396339067348,1.0,R,Safe,-0.4250000000000001,Rep,0.7497580961621918,b'Green'
TN-8,0.3559999999999999,-0.3319999999999999,-0.3755863818478326,-0.4183840199159533,0.96,R,Safe,-0.39,Rep,0.6740595638831217,b'Kustoff'
TN-9,-0.5770000000000001,0.5750000000000001,0.6074522250876149,0.5588672541211096,0.93,D,Safe,0.573,Dem,0.1149117634232392,b'Cohen'
TX-1,0.4690000000000001,-0.4409999999999999,-0.4593588862151943,-0.4878308149257248,0.88,R,Safe,-0.452,Rep,0.7021549249589351,b'Gohmert'
TX-2,0.0929999999999999,-0.2729999999999999,-0.0728799659822622,-0.2558387333931197,0.96,R,Safe,-0.138,Rep,0.7314673866447051,b'Crenshaw'
TX-3,0.1419999999999999,-0.3009999999999999,-0.1001116760690024,-0.5466201354068623,0.99,R,Vulnerable,-0.124,Rep,0.5966034702759109,b'Taylor'
TX-4,0.536,-0.492,-0.5266585086962627,-0.7239307656293757,0.94,R,Safe,-0.523,Rep,0.7141232374594291,b'Ratcliffe'
TX-5,0.284,-0.301,-0.24796784832965,-0.5548413439591772,0.92,R,Safe,-0.261,Rep,0.7167711009389071,b'Gooden'
TX-6,0.123,-0.171,-0.0765929027268964,-0.1761726850339746,0.94,R,Safe,-0.089,Rep,0.9025201192749132,b'Wright'
TX-7,-0.0139999999999999,-0.2129999999999999,0.0505621898103866,-0.1509553193347366,0.92,D,Safe,0.033,Dem,0.3753084729274497,b'Fletcher'
TX-8,0.488,-0.5529999999999999,-0.4857378189405865,-0.7371386725841838,1.0,R,Safe,-0.471,Rep,0.5844455380466724,b'Brady'
TX-9,-0.613,0.569,0.8905562708740465,0.7499097987605572,0.92,D,Safe,0.5389999999999999,Dem,0.2222778185507858,b'Green'
TX-10,0.0909999999999999,-0.203,-0.0426603254425375,-0.1886667150477879,0.99,R,Vulnerable,-0.072,Rep,0.5956458833768887,b'McCaul'
TX-11,0.587,-0.596,-0.6169972365537238,-0.7538544915084615,0.9,R,Safe,-0.6140000000000001,Rep,0.7046933091480293,b'Conaway'
TX-12,0.3019999999999999,-0.3509999999999999,-0.303782994588273,-0.4053915954917895,0.99,R,Safe,-0.307,Rep,0.5179170283956648,b'Granger'
TX-13,0.6300000000000001,-0.617,-0.6461827918083798,-0.7927348349684975,0.88,R,Safe,-0.631,Rep,0.4932883513220254,b'Thornberry'
TX-14,0.198,-0.1979999999999999,-0.1992512621094283,-0.1956918983919094,0.9,R,Safe,-0.234,Rep,0.8781706924005646,b'Weber'
TX-15,-0.167,0.1589999999999999,0.2091661508962269,0.1882985196313798,0.96,D,Safe,0.033,Dem,0.4696059325842538,b'Gonzalez'
TX-16,-0.407,0.297,0.4143512659968968,0.4949425248845486,0.9,D,Safe,0.286,Dem,0.2407441631616559,b'Escobar'
TX-17,0.175,-0.2269999999999999,-0.1549224566148868,-0.3829153218453526,0.94,R,Safe,-0.1499999999999999,Rep,0.8067358355138259,b'Flores'
TX-18,-0.565,0.5329999999999999,0.5443222012455786,0.5093463421543281,0.92,D,Safe,0.498,Dem,0.0643853805883337,b'Jackson Lee'
TX-19,0.49,-0.4859999999999999,-0.5045275639280145,-0.7022693856296089,0.89,R,Safe,-0.52,Rep,0.6684709345904694,b'Arrington'
TX-20,-0.267,0.1919999999999999,0.808534394026622,0.666703310809097,0.95,D,Safe,0.316,Dem,0.2714565872661615,b'Castro'
TX-21,0.1,-0.2189999999999999,-0.0261101700427299,-0.3002598587077174,0.94,R,Vulnerable,-0.069,Rep,0.5892036447972614,b'Roy'
TX-22,0.0789999999999999,-0.254,-0.0490812192128579,-0.227499722494238,1.0,R,Vulnerable,-0.067,Rep,0.7919349578593553,b'Olson'
TX-23,-0.0339999999999999,-0.026,-0.0044080754418786,0.0021973022854341,1.0,R,Vulnerable,-0.0299999999999999,Rep,0.6417238401589137,b'Hurd'
TX-24,0.062,-0.2239999999999999,-0.0306964596193122,-0.1942205919173019,0.94,R,Vulnerable,-0.013,Rep,0.6892195098514896,b'Marchant'
TX-25,0.149,-0.221,-0.0874658926360929,-0.1858218695635442,0.95,R,Safe,-0.14,Rep,0.6635471193530447,b'Williams'
TX-26,0.265,-0.3689999999999999,-0.2035583430665109,-0.4483451175105845,1.0,R,Safe,-0.2339999999999999,Rep,0.6143815813695809,b'Burgess'
TX-27,0.236,-0.2229999999999999,-0.2371457084866045,-0.2363513808335232,0.89,R,Safe,-0.282,Rep,0.6859021275082141,b'Cloud'
TX-28,-0.1979999999999999,0.2159999999999999,0.843908465372847,0.5987500835666608,0.95,D,Safe,0.1929999999999999,Dem,0.5534940019603691,b'Cuellar'
TX-29,-0.4569999999999999,0.329,0.5114303709125572,0.6979747273614989,0.89,D,Safe,0.437,Dem,0.2146137319262054,b'Garcia'
TX-30,-0.608,0.6,0.9105222356884712,0.7444274763919131,0.92,D,Safe,0.591,Dem,0.1817307933798736,b'Johnson'
TX-31,0.127,-0.213,-0.0290832042572384,-0.207873607015626,1.0,R,Vulnerable,-0.093,Rep,0.5334259977230662,b'Carter'
TX-32,-0.0189999999999999,-0.155,0.065183948915173,-0.2743688810990004,0.94,D,Safe,0.06,Dem,0.4107778927310439,b'Allred'
TX-33,-0.492,0.449,0.5425501576863718,0.587325327361269,0.93,D,Safe,0.4169999999999999,Dem,0.2731719891635273,b'Veasey'
TX-34,-0.215,0.225,0.1997791260100092,0.2297119641762003,0.9,D,Safe,0.1349999999999999,Dem,0.4092112369496014,b'Vela'
TX-35,-0.3359999999999999,0.284,0.4520346066049354,0.3445227660747881,1.0,D,Safe,0.353,Dem,0.2869366657013992,b'Doggett'
TX-36,0.4679999999999999,-0.475,-0.4511705022617095,-0.5794358236947545,0.91,R,Safe,-0.495,Rep,0.8181638795147045,b'Babin'
UT-1,0.273,-0.5700000000000001,-0.3671721719163459,-0.3993843358786815,0.98,R,Safe,-0.388,Rep,0.6021806193610145,b'Bishop'
UT-2,0.14,-0.3879999999999999,-0.1719645687369465,-0.2547459810852912,0.96,R,Safe,-0.237,Rep,0.6281962808306556,b'Stewart'
UT-3,0.239,-0.588,-0.4024214047856354,-0.4752450605679697,0.92,R,Safe,-0.417,Rep,0.6446889656237631,b'Curtis'
UT-4,0.067,-0.37,0.0025773291590999,-0.0424572520481103,0.96,D,Vulnerable,0.005,Dem,0.4467009316649487,b'McAdams'
VA-1,0.1239999999999999,-0.1189999999999999,-0.1047452431639772,-0.1933401208672066,0.96,R,Safe,-0.1640000000000001,Rep,0.7559518370465494,b'Wittman'
VA-2,0.0339999999999999,-0.0229999999999999,0.0223591806876372,-0.1146256682807533,0.92,D,Vulnerable,0.0539999999999999,Dem,0.4178351058548762,b'Luria'
VA-3,-0.317,0.363,0.912241298536666,0.7052070867223467,0.87,D,Safe,0.364,Dem,0.215001195297352,b'Scott'
VA-4,-0.216,0.2179999999999999,0.266583070427608,0.0142261141726457,0.91,D,Safe,0.2219999999999999,Dem,0.2359002784217177,b'McEachin'
VA-5,0.111,-0.066,-0.0652856306645311,-0.1519321359130324,0.92,R,Vulnerable,-0.052,Rep,0.7629887841508323,b'Riggleman'
VA-6,0.248,-0.1929999999999999,-0.1948417958823926,-0.3953513650298635,0.97,R,Safe,-0.298,Rep,0.6513088229772266,b'Cline'
VA-7,0.065,-0.105,0.0193937730665545,-0.1355566261634959,0.97,D,Vulnerable,0.02,Dem,0.4816798618144817,b'Spanberger'
VA-8,-0.526,0.368,0.5242156995578109,0.398023420414662,0.9,D,Safe,0.514,Dem,0.2363808947339444,b'Beyer'
VA-9,0.415,-0.282,-0.3040732043080412,-0.4138117507783765,0.85,R,Safe,-1.0,Rep,0.5904369429832967,b'Griffith'
VA-10,-0.1,-0.011,0.123751002596555,-0.0729407354568323,0.97,D,Safe,0.1299999999999999,Dem,0.2625259825834288,b'Wexton'
VA-11,-0.3940000000000001,0.262,0.4417453365774533,0.4351121957950307,0.91,D,Safe,0.434,Dem,0.2771497128510893,b'Connolly'
VT-AL,-0.264,0.358,0.432525481646241,0.5194743965462186,0.99,D,Safe,0.4029999999999999,Dem,0.2760468629527461,b'Welch'
WA-1,-0.163,0.108,0.185353260624566,0.1182773064132042,1.0,D,Safe,0.1759999999999999,Dem,0.2376880468650236,b'DelBene'
WA-2,-0.221,0.212,0.7129018800473489,0.3568871790735081,1.0,D,Safe,0.27,Dem,0.2696279126626679,b'Larsen'
WA-3,0.0739999999999999,-0.017,-0.0534199579462675,-0.1816777145572147,1.0,R,Vulnerable,-0.1299999999999999,Rep,0.5624846169195163,b'Herrera Beutler'
WA-4,0.2279999999999999,-0.218,-0.2563549543792381,-0.4162928591683162,1.0,R,Safe,-0.31,Rep,0.7037335553057771,b'Newhouse'
WA-5,0.131,-0.0979999999999999,-0.095199892616444,-0.1850113277187443,1.0,R,Safe,-0.2219999999999999,Rep,0.7096774068016928,b'McMorris Rodgers'
WA-6,-0.1229999999999999,0.149,0.2777341017561887,0.2369914843901449,1.0,D,Safe,0.194,Dem,0.4035312589079656,b'Kilmer'
WA-7,-0.699,0.611,0.6712230890263275,0.6108864149009483,0.97,D,Safe,0.664,Dem,0.091575773100711,b'Jayapal'
WA-8,-0.03,0.016,0.0483011081049138,-0.1535014280347615,1.0,D,Safe,0.0359999999999999,Dem,0.3083411339026387,b'Schrier'
WA-9,-0.472,0.3869999999999999,0.6790000290979228,0.4963992770542055,1.0,D,Safe,0.486,Dem,0.167886420580798,b'Smith'
WA-10,-0.1139999999999999,0.1519999999999999,0.2308803110247153,0.1673451133198752,0.83,D,Safe,0.524,Dem,0.3127137797303329,b'Heck'
WI-1,0.103,-0.042,-0.1229078099207849,-0.2129448005976196,0.86,R,Safe,-0.2199999999999999,Rep,0.5960716318602507,b'Steil'
WI-2,-0.368,0.3779999999999999,0.974222726484817,0.519671116762621,0.91,D,Safe,0.3940000000000001,Dem,0.1731187227967989,b'Pocan'
WI-3,0.045,0.11,0.1933654826041544,0.3986790013200365,0.89,D,Vulnerable,0.03,Dem,0.4621855915621042,b'Kind'
WI-4,-0.522,0.515,0.5397400828307463,0.553760002354131,0.83,D,Safe,0.52,Dem,0.0763543714146086,b'Moore'
WI-5,0.201,-0.2359999999999999,-0.2394643798313421,-0.3401998496809243,0.92,R,Safe,-0.1959999999999999,Rep,0.6251062194859021,b'Sensenbrenner'
WI-6,0.169,-0.073,-0.1100549120945041,-0.1778520172422035,0.9,R,Safe,-0.185,Rep,0.8455842224668317,b'Grothman'
WI-8,0.176,-0.0369999999999999,-0.2741853066240031,-0.2370342366340778,0.82,R,Safe,-0.308,Rep,0.7068709025211873,b'Gallagher'
WV-1,0.416,-0.267,-0.2915031228873843,-0.2999107809249908,0.91,R,Safe,-0.375,Rep,0.6692509221325073,b'McKinley'
WV-2,0.364,-0.22,-0.1098333919293723,-0.1751895428984546,0.97,R,Safe,-0.262,Rep,0.8910635424859592,b'Mooney'
WV-3,0.492,-0.322,-0.1274680686916021,-0.1484801774333471,0.93,R,Safe,-0.428,Rep,0.6560658863710094,b'Miller'
WY-AL,0.4759999999999999,-0.412,-0.3381947377574598,-0.3809872637655211,0.93,R,Safe,-0.441,Rep,0.5909546243494789,b'Cheney'
